,canceled_service,cellular_service,avg_data_gb,avg_call_mins,avg_intl_mins,internet_service,contract,months_with_company,monthly_charges
1,yes,single_line,7.78,497,127,fiber_optic,month_to_month,7,76.45
2,yes,single_line,9.04,336,88,fiber_optic,month_to_month,10,94.9
3,no,single_line,10.32,262,55,fiber_optic,one_year,50,103.05
4,yes,multiple_lines,5.08,250,107,digital,one_year,53,60.05
5,no,multiple_lines,8.05,328,122,digital,two_year,50,75.15
6,no,single_line,9.3,326,114,fiber_optic,month_to_month,25,95.7
7,yes,multiple_lines,8.01,525,97,fiber_optic,month_to_month,19,83.65
8,no,multiple_lines,9.4,312,147,fiber_optic,one_year,50,99.4
9,yes,single_line,5.29,417,96,digital,month_to_month,8,49.85
10,no,multiple_lines,9.96,340,136,fiber_optic,month_to_month,61,106.2
11,yes,single_line,5.87,408,88,digital,one_year,45,54.15
12,yes,single_line,6.23,429,96,fiber_optic,month_to_month,33,68.25
13,no,multiple_lines,10.19,402,116,fiber_optic,month_to_month,17,92.7
14,yes,single_line,7.07,249,94,fiber_optic,month_to_month,19,73.2
15,no,single_line,6.69,352,91,digital,month_to_month,6,59.15
16,no,single_line,9.37,382,87,fiber_optic,month_to_month,4,94.9
17,yes,single_line,8.67,378,109,fiber_optic,month_to_month,26,88.8
18,no,multiple_lines,4.11,371,64,digital,two_year,72,55.3
19,no,multiple_lines,10.65,281,147,fiber_optic,two_year,54,108
20,no,multiple_lines,5.17,341,119,digital,month_to_month,6,48.95
21,no,multiple_lines,7.86,378,164,digital,one_year,23,73.75
22,no,single_line,8.67,93,131,fiber_optic,two_year,55,88.8
23,no,multiple_lines,9.24,392,142,fiber_optic,month_to_month,69,95.35
24,no,multiple_lines,11.05,390,78,fiber_optic,two_year,70,111.95
25,no,multiple_lines,11.75,343,126,fiber_optic,two_year,71,115.05
26,no,single_line,8.02,240,95,fiber_optic,month_to_month,9,88.4
27,no,single_line,5.03,343,138,digital,two_year,39,49.8
28,no,single_line,7.31,246,119,digital,one_year,58,75.2
29,no,multiple_lines,11.03,310,133,fiber_optic,two_year,46,108.65
30,yes,single_line,8.04,290,47,fiber_optic,month_to_month,47,85.3
31,yes,multiple_lines,6.79,514,141,digital,one_year,12,74.05
32,no,single_line,6.19,193,82,digital,one_year,14,59.1
33,no,multiple_lines,5.07,350,129,digital,month_to_month,18,50.3
34,yes,single_line,7.96,330,51,fiber_optic,month_to_month,1,79.05
35,yes,single_line,4.92,258,145,digital,month_to_month,1,49.65
36,no,multiple_lines,12.23,369,150,fiber_optic,two_year,35,113.2
37,no,single_line,6.64,110,136,digital,two_year,54,69.95
38,yes,multiple_lines,9.23,346,133,fiber_optic,month_to_month,30,94.1
39,no,multiple_lines,10.85,417,126,fiber_optic,month_to_month,60,109.45
40,no,multiple_lines,9.67,352,170,fiber_optic,month_to_month,26,100.5
41,no,multiple_lines,5.37,335,170,digital,month_to_month,44,50.15
42,no,single_line,10.69,308,90,fiber_optic,two_year,70,101
43,no,single_line,8.84,484,120,fiber_optic,one_year,26,85.2
44,yes,single_line,6.88,409,69,fiber_optic,month_to_month,32,74.4
45,no,multiple_lines,10.48,437,100,fiber_optic,one_year,71,105.9
46,no,multiple_lines,11.95,396,164,fiber_optic,two_year,64,115.1
47,no,single_line,5.19,468,104,digital,one_year,14,44.6
48,no,multiple_lines,10.18,371,106,fiber_optic,month_to_month,35,100.8
49,no,multiple_lines,6.12,365,157,digital,month_to_month,5,55.7
50,no,single_line,9.5,177,101,fiber_optic,month_to_month,23,90.45
51,yes,single_line,7.79,326,99,fiber_optic,month_to_month,2,80.55
52,yes,multiple_lines,6.93,437,141,fiber_optic,month_to_month,3,74.25
53,yes,multiple_lines,10.62,410,84,fiber_optic,month_to_month,13,100.8
54,no,multiple_lines,11.29,483,66,fiber_optic,two_year,59,99.5
55,yes,single_line,8.04,463,92,fiber_optic,month_to_month,1,69.95
56,no,single_line,8.47,215,105,fiber_optic,month_to_month,3,74.55
57,no,multiple_lines,9.8,320,107,fiber_optic,one_year,71,97.65
58,yes,multiple_lines,7.56,384,186,fiber_optic,month_to_month,1,74.9
59,no,multiple_lines,8.7,381,122,fiber_optic,month_to_month,62,89.8
60,yes,multiple_lines,9.23,331,140,fiber_optic,month_to_month,37,101.9
61,no,single_line,8.75,214,111,fiber_optic,month_to_month,39,81.5
62,yes,single_line,7.78,312,51,fiber_optic,month_to_month,2,80.2
63,no,multiple_lines,12.21,328,102,fiber_optic,one_year,54,115.6
64,no,single_line,7.38,192,102,fiber_optic,one_year,19,87.7
65,no,single_line,6.82,298,102,digital,two_year,57,69.75
66,no,single_line,4.61,389,134,digital,month_to_month,9,44.4
67,no,multiple_lines,11.54,419,155,fiber_optic,two_year,72,111.65
68,no,multiple_lines,11.13,358,86,fiber_optic,month_to_month,39,106.4
69,yes,multiple_lines,9.63,431,122,fiber_optic,month_to_month,18,90.7
70,yes,multiple_lines,8.33,335,70,fiber_optic,month_to_month,4,89.6
71,no,single_line,7.34,366,91,fiber_optic,month_to_month,6,74.1
72,no,single_line,8.06,359,111,fiber_optic,month_to_month,19,78.7
73,no,multiple_lines,8.4,282,144,fiber_optic,two_year,62,89.1
74,no,multiple_lines,10.18,414,97,fiber_optic,month_to_month,38,101.15
75,yes,single_line,6.23,463,83,fiber_optic,month_to_month,1,69.35
76,yes,single_line,7.25,363,89,fiber_optic,month_to_month,1,70.3
77,no,single_line,4.71,197,145,digital,month_to_month,28,56.05
78,no,multiple_lines,6.69,421,120,digital,two_year,58,75.8
79,no,multiple_lines,10.23,418,183,fiber_optic,two_year,72,101.3
80,no,single_line,9.39,382,96,fiber_optic,month_to_month,20,96.55
81,no,single_line,7.94,334,122,fiber_optic,month_to_month,20,80.7
82,yes,single_line,4.46,352,73,digital,month_to_month,10,45.55
83,yes,multiple_lines,10.64,475,104,fiber_optic,month_to_month,47,106.4
84,no,single_line,5.02,367,145,digital,month_to_month,1,49.05
85,yes,multiple_lines,11.42,375,125,fiber_optic,two_year,65,108.65
86,no,single_line,7.29,379,132,fiber_optic,month_to_month,13,70.15
87,no,single_line,7.47,274,142,fiber_optic,month_to_month,27,69.05
88,no,multiple_lines,11.82,262,137,fiber_optic,two_year,72,112.25
89,no,multiple_lines,9.21,468,144,fiber_optic,month_to_month,60,93.25
90,no,multiple_lines,9.9,361,168,fiber_optic,one_year,58,100.35
91,no,single_line,7.09,307,74,fiber_optic,month_to_month,9,75.85
92,no,multiple_lines,9.62,224,132,fiber_optic,month_to_month,59,88.75
93,no,single_line,5.49,375,122,digital,month_to_month,8,44.65
94,no,multiple_lines,7.03,405,114,digital,two_year,71,80.45
95,no,multiple_lines,11.4,372,130,fiber_optic,one_year,67,109.7
96,yes,multiple_lines,9.29,339,120,fiber_optic,month_to_month,27,95.55
97,no,multiple_lines,11.51,331,160,fiber_optic,two_year,69,112.55
98,no,single_line,5.88,275,56,digital,month_to_month,2,62.15
99,no,single_line,5.29,305,119,digital,month_to_month,8,45.45
100,no,multiple_lines,9.42,310,93,digital,two_year,72,92
101,no,single_line,5.36,297,102,digital,month_to_month,24,51.1
102,no,multiple_lines,11.77,368,68,fiber_optic,one_year,61,107.75
103,yes,single_line,5.04,304,73,digital,month_to_month,1,55.7
104,no,multiple_lines,7.1,383,108,digital,one_year,59,79.85
105,yes,single_line,7.49,322,120,fiber_optic,month_to_month,1,80.85
106,yes,single_line,6.36,362,104,fiber_optic,month_to_month,1,69.4
107,no,multiple_lines,6.41,274,101,fiber_optic,month_to_month,55,73.1
108,no,multiple_lines,6.95,414,125,digital,two_year,66,66.1
109,yes,multiple_lines,8.43,419,138,fiber_optic,month_to_month,25,84.8
110,yes,multiple_lines,6.94,410,100,fiber_optic,month_to_month,14,74.3
111,no,multiple_lines,5,455,133,digital,month_to_month,30,49.9
112,no,multiple_lines,11.47,313,106,fiber_optic,month_to_month,35,109.95
113,no,multiple_lines,8.1,344,53,digital,two_year,72,84.9
114,yes,multiple_lines,10.87,430,123,fiber_optic,one_year,46,110
115,yes,multiple_lines,8.97,383,99,fiber_optic,month_to_month,42,84.65
116,yes,single_line,10.14,304,90,fiber_optic,month_to_month,2,95.85
117,yes,multiple_lines,7.9,303,101,fiber_optic,month_to_month,4,88.95
118,no,single_line,4.89,244,114,digital,month_to_month,2,50.2
119,yes,single_line,7.99,326,64,fiber_optic,month_to_month,8,80.45
120,no,single_line,6.41,323,145,digital,month_to_month,16,54.55
121,no,single_line,5.87,281,91,digital,month_to_month,8,54.75
122,no,single_line,6.36,305,81,digital,two_year,43,60
123,yes,multiple_lines,7.5,449,102,fiber_optic,month_to_month,4,76.05
124,no,single_line,9.99,463,85,fiber_optic,one_year,30,94.4
125,no,multiple_lines,9.38,305,125,fiber_optic,month_to_month,54,90.05
126,no,single_line,6.85,311,117,digital,month_to_month,31,66.4
127,yes,single_line,4.59,400,65,digital,month_to_month,1,44.9
128,no,single_line,7.26,244,96,digital,two_year,56,72.6
129,no,multiple_lines,10.2,323,118,fiber_optic,one_year,35,108.35
130,yes,multiple_lines,11.75,474,113,fiber_optic,one_year,53,106.95
131,yes,multiple_lines,10.16,440,127,fiber_optic,month_to_month,13,100.35
132,no,single_line,7.55,418,84,digital,one_year,44,74.85
133,no,multiple_lines,6.21,338,178,digital,month_to_month,2,60.95
134,yes,multiple_lines,8.29,424,129,fiber_optic,month_to_month,7,86.8
135,no,single_line,6.95,340,90,fiber_optic,month_to_month,25,69.3
136,no,multiple_lines,8.78,432,148,digital,two_year,48,79.65
137,yes,single_line,8.73,335,117,fiber_optic,month_to_month,1,85.55
138,no,multiple_lines,8.08,444,124,fiber_optic,two_year,70,75.65
139,no,single_line,8.83,275,68,fiber_optic,month_to_month,9,85.3
140,yes,multiple_lines,8.31,311,128,fiber_optic,month_to_month,24,93.55
141,no,multiple_lines,5.57,383,100,digital,month_to_month,42,55.65
142,no,single_line,9.72,263,104,fiber_optic,one_year,43,106
143,yes,single_line,7.36,421,131,fiber_optic,month_to_month,43,75.2
144,no,single_line,7.69,249,113,fiber_optic,month_to_month,1,70.35
145,yes,single_line,7.94,527,54,digital,one_year,30,85.35
146,no,multiple_lines,9.12,343,137,fiber_optic,one_year,67,100.25
147,no,multiple_lines,9.6,460,119,fiber_optic,one_year,64,92.85
148,no,multiple_lines,11.33,317,119,fiber_optic,month_to_month,64,103.5
149,yes,multiple_lines,8.32,487,127,fiber_optic,month_to_month,49,90.05
150,yes,single_line,7.72,366,76,fiber_optic,month_to_month,2,67.75
151,yes,multiple_lines,6.6,392,120,fiber_optic,month_to_month,16,72.65
152,yes,multiple_lines,12.13,422,83,fiber_optic,two_year,57,112.95
153,yes,multiple_lines,9.46,455,129,fiber_optic,month_to_month,9,100.5
154,no,multiple_lines,11.43,334,93,fiber_optic,one_year,66,116.25
155,yes,multiple_lines,12.18,405,104,fiber_optic,two_year,68,113.15
156,no,single_line,5.46,224,125,digital,month_to_month,1,55.45
157,yes,single_line,6.83,326,33,fiber_optic,month_to_month,11,73.85
158,yes,single_line,8.14,402,126,fiber_optic,month_to_month,2,90
159,no,single_line,9.47,362,116,fiber_optic,two_year,24,96.55
160,no,multiple_lines,10.57,377,117,fiber_optic,one_year,65,103.15
161,no,multiple_lines,9.68,370,129,fiber_optic,month_to_month,36,95
162,no,single_line,6.09,277,93,digital,one_year,21,58.85
163,no,multiple_lines,11.29,368,153,fiber_optic,two_year,72,110.65
164,no,multiple_lines,10.44,376,96,fiber_optic,two_year,67,105.65
165,yes,single_line,8.64,209,105,fiber_optic,month_to_month,4,78.85
166,no,single_line,8.7,223,137,digital,two_year,68,82.45
167,no,single_line,7.48,332,61,digital,month_to_month,12,74.15
168,no,multiple_lines,8.54,315,141,digital,two_year,61,80.9
169,yes,single_line,8.58,415,83,fiber_optic,month_to_month,1,89.1
170,yes,multiple_lines,8.61,450,85,fiber_optic,month_to_month,18,85.45
171,yes,multiple_lines,8.71,439,116,fiber_optic,month_to_month,21,86.5
172,no,multiple_lines,7.36,386,105,digital,month_to_month,5,64
173,yes,multiple_lines,7.9,350,119,fiber_optic,month_to_month,15,79.75
174,no,single_line,6.66,297,107,digital,month_to_month,14,69.65
175,no,single_line,6.2,209,91,fiber_optic,month_to_month,25,69.75
176,no,multiple_lines,8.34,243,93,fiber_optic,month_to_month,45,89.3
177,yes,single_line,11.21,361,95,fiber_optic,one_year,54,105.4
178,no,single_line,8.36,294,95,fiber_optic,month_to_month,16,94.65
179,yes,multiple_lines,10.01,334,86,fiber_optic,month_to_month,26,93.85
180,no,single_line,8.61,345,82,fiber_optic,month_to_month,1,81.05
181,yes,multiple_lines,8.58,471,105,fiber_optic,month_to_month,10,89.8
182,no,single_line,10.05,330,165,fiber_optic,one_year,46,95.65
183,no,single_line,7.23,400,127,fiber_optic,month_to_month,18,74.7
184,yes,multiple_lines,10.95,430,96,fiber_optic,one_year,66,104.05
185,yes,multiple_lines,10.11,417,93,fiber_optic,month_to_month,21,104.4
186,no,multiple_lines,8.17,278,80,digital,two_year,52,79.75
187,no,multiple_lines,9.9,390,150,fiber_optic,month_to_month,32,100.4
188,no,single_line,9.44,331,63,fiber_optic,month_to_month,40,91.55
189,yes,multiple_lines,8.75,287,76,fiber_optic,month_to_month,19,79.85
190,no,multiple_lines,6.7,398,126,digital,month_to_month,66,67.45
191,no,multiple_lines,7.2,484,151,fiber_optic,one_year,51,84.2
192,yes,multiple_lines,7.89,400,108,fiber_optic,month_to_month,4,80.8
193,no,multiple_lines,5.31,409,84,digital,month_to_month,7,48.8
194,no,single_line,7.74,241,92,digital,month_to_month,30,74.75
195,no,single_line,7.98,364,73,digital,two_year,57,69.85
196,no,multiple_lines,7.42,292,127,fiber_optic,month_to_month,4,75.65
197,yes,multiple_lines,10.11,423,109,fiber_optic,month_to_month,21,103.9
198,no,multiple_lines,9.54,308,147,fiber_optic,month_to_month,38,91.7
199,yes,multiple_lines,8.93,364,66,fiber_optic,month_to_month,36,84.1
200,no,multiple_lines,6.64,293,124,fiber_optic,month_to_month,8,74.85
201,no,multiple_lines,10.35,331,141,fiber_optic,two_year,64,104.4
202,no,single_line,8.04,197,81,digital,one_year,24,74.4
203,no,single_line,8.31,257,126,fiber_optic,month_to_month,37,90
204,no,multiple_lines,10.86,367,87,fiber_optic,two_year,64,109.2
205,no,multiple_lines,7.09,429,105,digital,one_year,59,68.7
206,yes,single_line,9.02,358,97,fiber_optic,month_to_month,1,90.75
207,no,multiple_lines,8.37,327,121,digital,one_year,24,74.8
208,no,single_line,9.38,279,100,fiber_optic,month_to_month,4,90.4
209,yes,multiple_lines,8.7,311,141,fiber_optic,month_to_month,3,84.75
210,no,single_line,8.05,361,89,fiber_optic,month_to_month,20,89.4
211,no,multiple_lines,9.13,368,126,digital,two_year,72,88.7
212,no,single_line,8.39,429,66,fiber_optic,one_year,71,86.7
213,no,multiple_lines,6.72,354,123,digital,month_to_month,43,66.25
214,no,multiple_lines,8.36,389,105,fiber_optic,one_year,68,85.5
215,no,single_line,5.12,203,115,digital,month_to_month,6,49.5
216,no,multiple_lines,7.42,473,120,fiber_optic,month_to_month,1,79.15
217,no,multiple_lines,4.58,290,158,digital,month_to_month,2,54.15
218,yes,single_line,4.19,433,77,digital,month_to_month,9,45.15
219,no,single_line,8.41,278,73,digital,two_year,66,85.9
220,yes,multiple_lines,8.36,517,84,fiber_optic,month_to_month,1,85.45
221,no,multiple_lines,11.36,354,81,fiber_optic,two_year,59,111.1
222,no,single_line,7.69,302,115,digital,two_year,54,80.6
223,no,single_line,6.1,261,95,digital,one_year,19,65.35
224,no,single_line,7.65,330,119,digital,two_year,30,80.8
225,no,multiple_lines,8.43,415,108,fiber_optic,month_to_month,32,87.65
226,no,multiple_lines,8,356,83,digital,one_year,48,78.75
227,no,single_line,5.42,373,89,digital,one_year,34,60.8
228,no,multiple_lines,10.51,339,107,fiber_optic,month_to_month,46,98.85
229,no,multiple_lines,10.86,282,177,fiber_optic,two_year,72,113.65
230,no,single_line,10.77,378,93,fiber_optic,two_year,53,99.5
231,no,multiple_lines,7.57,433,103,digital,one_year,69,73.7
232,yes,single_line,9.73,412,65,fiber_optic,one_year,52,105
233,no,single_line,5.85,284,114,digital,month_to_month,1,55.7
234,no,multiple_lines,12.23,420,130,fiber_optic,two_year,72,115.55
235,no,single_line,9.68,388,148,fiber_optic,one_year,43,100.55
236,no,single_line,9.09,396,63,fiber_optic,month_to_month,7,100.4
237,no,multiple_lines,9.84,353,89,fiber_optic,one_year,53,97.75
238,no,single_line,7.98,289,119,fiber_optic,month_to_month,2,74.95
239,yes,multiple_lines,9.13,457,98,fiber_optic,month_to_month,1,94
240,yes,single_line,7.65,167,65,fiber_optic,month_to_month,4,80.35
241,no,multiple_lines,10.78,333,152,fiber_optic,month_to_month,5,96.55
242,no,single_line,9.34,351,83,fiber_optic,month_to_month,29,101.45
243,no,single_line,7.48,339,106,fiber_optic,month_to_month,33,70.4
244,no,multiple_lines,7.87,373,90,digital,month_to_month,27,71.6
245,no,multiple_lines,10.55,281,173,fiber_optic,month_to_month,52,109.1
246,no,single_line,4.2,188,105,digital,two_year,67,50.55
247,yes,multiple_lines,10.37,461,76,fiber_optic,month_to_month,10,100.6
248,yes,multiple_lines,9.02,485,75,fiber_optic,month_to_month,3,91.5
249,yes,multiple_lines,8.91,451,82,fiber_optic,month_to_month,44,84.8
250,no,multiple_lines,6.45,319,82,digital,month_to_month,18,69.5
251,no,single_line,5.35,347,90,digital,month_to_month,1,45.85
252,yes,single_line,8.09,430,15,fiber_optic,month_to_month,52,85.35
253,no,multiple_lines,7.73,404,149,digital,two_year,72,90.15
254,yes,multiple_lines,10.69,420,142,fiber_optic,month_to_month,1,100.25
255,no,multiple_lines,6.84,386,132,fiber_optic,month_to_month,58,79.8
256,yes,multiple_lines,9.42,357,59,fiber_optic,month_to_month,7,94.7
257,no,single_line,8.4,282,86,digital,two_year,71,82
258,no,multiple_lines,10.72,439,48,fiber_optic,one_year,70,104.8
259,no,single_line,3.29,242,62,digital,one_year,13,43.8
260,no,single_line,7.31,186,72,fiber_optic,month_to_month,1,70.7
261,no,multiple_lines,8.43,283,77,fiber_optic,month_to_month,31,84.85
262,no,multiple_lines,9.84,326,169,fiber_optic,two_year,64,99.25
263,yes,single_line,9.5,253,41,fiber_optic,month_to_month,1,89.3
264,no,single_line,4.62,311,106,digital,month_to_month,1,44.3
265,no,multiple_lines,8.93,405,99,fiber_optic,month_to_month,47,87.2
266,yes,multiple_lines,9.75,420,112,fiber_optic,month_to_month,22,94.65
267,yes,multiple_lines,7.23,344,105,digital,month_to_month,7,74.65
268,no,single_line,7.64,393,88,fiber_optic,month_to_month,26,78.8
269,yes,single_line,7.18,599,96,fiber_optic,month_to_month,28,74.9
270,no,single_line,5.52,423,129,digital,month_to_month,27,56.7
271,yes,multiple_lines,8.05,361,93,fiber_optic,month_to_month,1,85.8
272,no,single_line,10.96,333,84,fiber_optic,month_to_month,29,94.2
273,no,single_line,10.33,517,106,fiber_optic,one_year,64,102.45
274,no,multiple_lines,8.9,391,131,fiber_optic,month_to_month,18,80.55
275,no,single_line,9.33,306,125,digital,two_year,34,84.75
276,no,multiple_lines,10.46,380,138,fiber_optic,one_year,49,106.65
277,no,single_line,5.28,255,88,digital,month_to_month,22,51.1
278,no,single_line,6.64,278,144,digital,one_year,52,68.75
279,no,multiple_lines,11.69,386,90,fiber_optic,one_year,71,113.15
280,no,single_line,5.58,303,116,digital,month_to_month,1,48.45
281,yes,multiple_lines,8.76,435,98,fiber_optic,month_to_month,15,85.6
282,no,multiple_lines,8.11,307,129,digital,two_year,72,88.05
283,no,multiple_lines,6.71,364,141,digital,one_year,56,64.65
284,yes,single_line,8.08,293,52,fiber_optic,month_to_month,4,70.05
285,no,single_line,6.17,257,96,digital,month_to_month,20,60
286,yes,multiple_lines,9.54,422,101,fiber_optic,month_to_month,44,96.1
287,no,multiple_lines,9.63,343,140,fiber_optic,month_to_month,32,101.35
288,yes,single_line,5.16,191,112,digital,one_year,58,60.3
289,yes,single_line,7.23,296,105,fiber_optic,month_to_month,1,76.2
290,no,single_line,6.71,444,115,digital,one_year,23,68.75
291,yes,single_line,7.03,406,133,fiber_optic,month_to_month,1,71
292,no,multiple_lines,6.89,445,182,digital,two_year,72,67.8
293,no,multiple_lines,5.17,383,124,digital,two_year,54,60
294,no,multiple_lines,8.24,285,81,fiber_optic,month_to_month,30,77.9
295,no,multiple_lines,7.1,229,112,digital,two_year,66,65.7
296,no,single_line,7.87,388,122,digital,one_year,36,75.55
297,yes,single_line,5.64,303,84,digital,month_to_month,2,55.1
298,yes,multiple_lines,10.28,433,130,fiber_optic,month_to_month,12,106.7
299,no,multiple_lines,8.83,338,111,digital,two_year,72,82.3
300,no,single_line,7,221,49,digital,month_to_month,10,67.8
301,no,multiple_lines,7.95,335,200,fiber_optic,two_year,72,78.5
302,no,multiple_lines,10.47,392,110,fiber_optic,one_year,72,104.95
303,yes,multiple_lines,9.96,340,95,fiber_optic,month_to_month,12,101.35
304,no,single_line,4.52,371,92,digital,month_to_month,1,44.05
305,no,multiple_lines,10.01,339,115,fiber_optic,month_to_month,35,95.5
306,no,multiple_lines,7.52,413,110,digital,one_year,12,75.85
307,no,multiple_lines,8.49,355,71,digital,one_year,71,85.45
308,yes,single_line,8.2,543,101,fiber_optic,month_to_month,13,81.15
309,no,multiple_lines,10.49,263,144,fiber_optic,one_year,66,108.45
310,no,multiple_lines,10.25,235,101,fiber_optic,one_year,60,94.15
311,no,single_line,6.33,476,115,fiber_optic,month_to_month,7,69.55
312,yes,multiple_lines,9.77,375,69,fiber_optic,month_to_month,17,94.4
313,no,single_line,6.63,261,100,digital,two_year,64,68.3
314,yes,single_line,5.13,447,132,digital,month_to_month,1,48.95
315,no,multiple_lines,9.93,371,136,fiber_optic,one_year,39,100
316,yes,multiple_lines,8.96,347,165,fiber_optic,month_to_month,14,85.15
317,yes,single_line,4.7,431,100,digital,month_to_month,1,50.55
318,no,multiple_lines,8.46,437,145,fiber_optic,month_to_month,4,80.15
319,yes,single_line,7.69,515,80,digital,one_year,38,70.15
320,no,single_line,6.06,304,127,digital,month_to_month,54,69.9
321,no,multiple_lines,8.15,365,160,digital,two_year,72,78.45
322,yes,single_line,7.75,260,76,fiber_optic,month_to_month,1,79.35
323,yes,multiple_lines,6.4,568,176,digital,month_to_month,31,65.25
324,no,single_line,6.88,275,97,digital,one_year,60,79
325,no,multiple_lines,10.35,222,145,fiber_optic,one_year,65,103.9
326,yes,single_line,8.46,400,96,fiber_optic,month_to_month,1,85.45
327,yes,single_line,4.39,274,62,digital,month_to_month,6,44.75
328,yes,multiple_lines,9.27,334,115,fiber_optic,one_year,49,100.45
329,no,multiple_lines,7.36,380,148,fiber_optic,month_to_month,63,81.55
330,yes,single_line,5.94,435,109,digital,month_to_month,1,52.2
331,yes,multiple_lines,10.15,485,133,fiber_optic,month_to_month,35,100.5
332,yes,multiple_lines,9.49,517,101,fiber_optic,month_to_month,22,96.7
333,yes,multiple_lines,9.45,421,84,fiber_optic,month_to_month,14,89.95
334,no,single_line,8.14,334,88,digital,month_to_month,60,79.05
335,no,multiple_lines,8.31,360,120,fiber_optic,month_to_month,42,85.9
336,no,multiple_lines,9.07,326,131,fiber_optic,month_to_month,59,99.45
337,no,multiple_lines,7.48,283,124,fiber_optic,month_to_month,18,74.15
338,no,multiple_lines,10.75,356,79,fiber_optic,one_year,72,105
339,no,single_line,7.44,266,70,digital,one_year,53,62.85
340,no,single_line,7.86,320,132,fiber_optic,month_to_month,2,70.3
341,no,single_line,10.19,352,70,fiber_optic,one_year,70,106.15
342,no,multiple_lines,8.54,365,36,digital,two_year,72,89.85
343,no,multiple_lines,9.12,404,124,fiber_optic,two_year,68,102.1
344,no,single_line,8.58,334,141,digital,month_to_month,15,84.45
345,no,multiple_lines,8.85,310,104,fiber_optic,month_to_month,32,98.85
346,yes,multiple_lines,6.4,458,92,fiber_optic,month_to_month,22,79.35
347,no,multiple_lines,9.49,269,106,fiber_optic,two_year,72,96.6
348,yes,multiple_lines,9.01,331,137,fiber_optic,month_to_month,5,85.2
349,no,multiple_lines,8.09,361,105,digital,two_year,61,80.8
350,no,multiple_lines,7.93,348,156,digital,two_year,13,88.95
351,no,multiple_lines,11.83,470,166,fiber_optic,two_year,60,110.6
352,yes,single_line,4.58,331,94,digital,month_to_month,24,49.55
353,no,multiple_lines,7.72,439,109,fiber_optic,month_to_month,57,74.3
354,yes,multiple_lines,9.8,451,69,fiber_optic,month_to_month,36,96.5
355,no,multiple_lines,9.71,326,155,fiber_optic,month_to_month,17,94.2
356,yes,single_line,9.56,347,153,fiber_optic,month_to_month,3,95.1
357,yes,single_line,9.48,304,91,fiber_optic,month_to_month,5,99.15
358,yes,single_line,6.92,427,105,fiber_optic,month_to_month,7,69.95
359,yes,multiple_lines,9.28,364,111,fiber_optic,month_to_month,10,98.55
360,no,multiple_lines,6.09,408,66,digital,month_to_month,17,69
361,yes,multiple_lines,9.93,429,81,fiber_optic,one_year,43,100
362,yes,multiple_lines,8.24,290,129,fiber_optic,month_to_month,12,84.5
363,no,multiple_lines,6.42,374,158,digital,month_to_month,52,61.35
364,no,multiple_lines,9.32,354,192,fiber_optic,month_to_month,18,88.85
365,no,single_line,6.81,212,94,digital,month_to_month,4,63.75
366,no,multiple_lines,10.8,271,152,fiber_optic,month_to_month,54,99.05
367,yes,multiple_lines,5.93,305,68,digital,month_to_month,1,50.1
368,yes,single_line,6.89,345,99,fiber_optic,month_to_month,1,69.35
369,no,single_line,7.95,324,79,fiber_optic,month_to_month,51,79.15
370,no,multiple_lines,11.77,234,43,fiber_optic,two_year,72,114.05
371,yes,multiple_lines,7.52,302,85,fiber_optic,month_to_month,1,77.15
372,no,single_line,9.27,264,94,fiber_optic,month_to_month,7,84.35
373,no,single_line,3.55,385,85,digital,month_to_month,16,49.45
374,no,single_line,5.06,297,74,digital,month_to_month,26,49.15
375,yes,multiple_lines,10.27,272,126,fiber_optic,one_year,58,104.65
376,yes,multiple_lines,9.85,383,98,fiber_optic,two_year,71,106
377,no,single_line,11.23,389,120,fiber_optic,month_to_month,20,108.2
378,no,multiple_lines,10.49,453,66,fiber_optic,one_year,66,108.1
379,no,multiple_lines,10.63,388,120,fiber_optic,two_year,56,103.2
380,no,multiple_lines,9.59,319,142,fiber_optic,month_to_month,9,102.6
381,yes,single_line,4.08,426,59,digital,month_to_month,1,50.15
382,no,multiple_lines,9.37,419,158,digital,two_year,70,90.15
383,no,multiple_lines,7.76,256,144,digital,two_year,69,81.95
384,yes,single_line,7.6,280,65,fiber_optic,one_year,38,70.45
385,yes,multiple_lines,9.74,379,111,fiber_optic,month_to_month,10,94.85
386,no,single_line,5.84,267,109,digital,month_to_month,2,60.85
387,no,multiple_lines,8.85,253,107,fiber_optic,one_year,58,105.2
388,yes,multiple_lines,5.35,396,93,digital,month_to_month,9,54.55
389,yes,multiple_lines,7.77,537,81,fiber_optic,month_to_month,7,79.65
390,no,single_line,9.23,381,101,fiber_optic,one_year,43,90.65
391,yes,single_line,5.15,202,63,digital,month_to_month,3,55.35
392,no,multiple_lines,9.51,283,138,fiber_optic,month_to_month,30,94.3
393,no,single_line,9.74,289,103,fiber_optic,one_year,56,88.9
394,yes,multiple_lines,7.5,248,56,fiber_optic,month_to_month,16,86.6
395,no,multiple_lines,10.9,304,176,fiber_optic,two_year,57,107.95
396,no,multiple_lines,10.38,238,105,fiber_optic,one_year,49,103
397,no,multiple_lines,8.56,303,115,digital,two_year,72,83.55
398,no,single_line,8.54,372,73,fiber_optic,month_to_month,26,85.9
399,no,single_line,8.53,242,145,fiber_optic,month_to_month,11,90.6
400,yes,multiple_lines,7.64,424,102,fiber_optic,month_to_month,11,76.5
401,no,multiple_lines,9.13,307,122,digital,one_year,44,85.25
402,no,multiple_lines,10.85,390,134,fiber_optic,month_to_month,39,101.25
403,no,multiple_lines,8.56,420,117,fiber_optic,one_year,71,95.15
404,no,multiple_lines,8.46,461,123,digital,month_to_month,14,80.45
405,no,single_line,5.51,231,128,digital,month_to_month,27,56.15
406,yes,single_line,10.74,311,78,fiber_optic,one_year,58,105.5
407,yes,multiple_lines,9.25,363,123,fiber_optic,month_to_month,18,80.65
408,yes,multiple_lines,9.21,480,130,fiber_optic,month_to_month,60,95.75
409,no,multiple_lines,10.97,280,129,fiber_optic,one_year,72,104.9
410,yes,multiple_lines,7.39,394,107,fiber_optic,month_to_month,3,76.95
411,no,single_line,5.38,198,65,digital,month_to_month,10,60.2
412,yes,multiple_lines,9.12,349,123,fiber_optic,month_to_month,32,91.05
413,yes,single_line,5.06,347,36,digital,month_to_month,7,51
414,no,single_line,7.47,394,105,digital,one_year,42,73.15
415,no,multiple_lines,5.96,436,163,fiber_optic,month_to_month,56,76.85
416,no,multiple_lines,9.56,375,115,fiber_optic,one_year,69,99.5
417,no,single_line,11.12,426,100,fiber_optic,one_year,27,101.9
418,yes,multiple_lines,8.11,334,139,fiber_optic,month_to_month,13,84.45
419,no,multiple_lines,9.35,408,98,digital,two_year,69,81.5
420,no,multiple_lines,7.96,394,155,fiber_optic,month_to_month,2,79.45
421,no,single_line,6.16,323,84,digital,month_to_month,40,64.1
422,no,multiple_lines,11.26,362,124,fiber_optic,one_year,56,110.5
423,no,single_line,6.38,299,148,digital,month_to_month,4,56.4
424,no,multiple_lines,6.83,335,135,digital,month_to_month,31,71.05
425,yes,multiple_lines,11.58,325,117,fiber_optic,one_year,70,115.55
426,no,multiple_lines,10.11,344,62,fiber_optic,one_year,56,106.8
427,no,multiple_lines,8.42,378,172,digital,one_year,52,81.4
428,no,single_line,3.17,292,105,digital,month_to_month,1,45.4
429,yes,single_line,6.09,394,66,digital,one_year,12,59.8
430,no,multiple_lines,9.21,403,106,fiber_optic,month_to_month,43,94.5
431,yes,multiple_lines,10.01,452,119,fiber_optic,month_to_month,12,98.1
432,yes,single_line,7.6,330,105,fiber_optic,month_to_month,7,74.65
433,no,single_line,7.77,325,68,digital,one_year,50,75.5
434,no,multiple_lines,10.35,375,144,fiber_optic,one_year,42,108.3
435,yes,single_line,6.17,314,44,digital,month_to_month,3,69.35
436,no,single_line,8.12,289,73,fiber_optic,two_year,67,92.45
437,no,single_line,8.76,191,110,fiber_optic,month_to_month,65,94.4
438,no,multiple_lines,7.85,287,146,fiber_optic,month_to_month,12,76.6
439,yes,single_line,4.22,250,120,digital,month_to_month,4,46
440,no,multiple_lines,12.32,393,102,fiber_optic,two_year,67,111.2
441,yes,multiple_lines,8.93,422,116,fiber_optic,month_to_month,9,94.4
442,no,single_line,11.36,305,102,fiber_optic,two_year,72,111.95
443,no,multiple_lines,8.58,352,76,fiber_optic,month_to_month,6,89.75
444,no,multiple_lines,6.22,451,119,digital,two_year,70,66
445,yes,single_line,7.78,313,52,fiber_optic,month_to_month,1,80.8
446,yes,multiple_lines,5.32,365,92,digital,month_to_month,54,55
447,yes,multiple_lines,8.6,363,96,fiber_optic,month_to_month,18,95.45
448,no,single_line,7.65,351,106,digital,two_year,72,80.45
449,no,single_line,7.84,416,87,fiber_optic,month_to_month,5,80.1
450,no,multiple_lines,6.01,406,140,digital,two_year,72,59.75
451,no,multiple_lines,6.34,353,142,digital,month_to_month,42,66.4
452,no,multiple_lines,9.27,401,154,digital,one_year,55,90.15
453,no,multiple_lines,9.22,274,131,digital,two_year,65,91.55
454,yes,multiple_lines,10.61,471,69,fiber_optic,month_to_month,3,105.9
455,no,multiple_lines,8.36,326,211,fiber_optic,one_year,17,86.75
456,no,multiple_lines,11.08,291,103,fiber_optic,one_year,66,108.1
457,no,single_line,5.93,351,76,digital,month_to_month,23,54.15
458,yes,multiple_lines,10.85,396,102,fiber_optic,month_to_month,36,99.15
459,no,multiple_lines,7.37,360,109,digital,one_year,71,69.2
460,no,multiple_lines,8.62,396,117,digital,two_year,72,92.65
461,yes,multiple_lines,9.02,358,69,fiber_optic,one_year,63,99.9
462,yes,multiple_lines,7.39,391,132,fiber_optic,month_to_month,3,75.05
463,yes,single_line,9.32,273,43,fiber_optic,month_to_month,1,89.55
464,no,single_line,8.11,326,98,fiber_optic,two_year,72,84.8
465,yes,multiple_lines,8.74,313,128,fiber_optic,month_to_month,66,80.45
466,no,multiple_lines,7.89,304,142,digital,two_year,65,76.15
467,yes,multiple_lines,8.36,607,99,fiber_optic,month_to_month,15,83.05
468,yes,multiple_lines,11.15,468,89,fiber_optic,month_to_month,4,101.7
469,no,single_line,10.15,331,119,fiber_optic,two_year,64,104.05
470,no,single_line,6.09,243,89,digital,one_year,59,61.35
471,no,multiple_lines,11.47,338,136,fiber_optic,one_year,61,103.3
472,yes,single_line,5.7,431,61,digital,month_to_month,6,49.65
473,yes,multiple_lines,10.5,440,80,fiber_optic,month_to_month,53,103.85
474,yes,single_line,9.84,310,74,fiber_optic,month_to_month,31,98.9
475,no,single_line,5.3,383,90,digital,month_to_month,3,46.1
476,no,single_line,4.84,267,151,digital,one_year,57,53.5
477,no,single_line,7.21,282,82,fiber_optic,month_to_month,11,76.4
478,yes,single_line,7.74,287,72,digital,month_to_month,2,76.4
479,no,multiple_lines,9.3,339,129,fiber_optic,two_year,63,98
480,yes,multiple_lines,10.09,417,85,fiber_optic,month_to_month,2,95.15
481,yes,multiple_lines,9.99,385,84,fiber_optic,month_to_month,28,106.15
482,no,multiple_lines,8.34,292,79,digital,two_year,71,73.5
483,yes,single_line,4.77,308,59,digital,month_to_month,6,44.6
484,no,multiple_lines,10.21,287,115,fiber_optic,one_year,66,104.6
485,no,multiple_lines,8.87,475,127,fiber_optic,month_to_month,37,95.25
486,no,multiple_lines,8.08,336,131,fiber_optic,month_to_month,40,84.9
487,no,multiple_lines,10.81,435,158,fiber_optic,month_to_month,68,107.7
488,yes,single_line,4.93,285,85,digital,month_to_month,1,45.3
489,no,single_line,5.41,303,93,digital,month_to_month,3,58.7
490,no,single_line,6.3,193,87,digital,two_year,55,56.8
491,no,multiple_lines,6.77,313,90,fiber_optic,month_to_month,31,76.05
492,no,single_line,7.05,363,80,digital,month_to_month,28,59.55
493,no,single_line,10.2,406,95,fiber_optic,month_to_month,60,104.95
494,no,multiple_lines,7.56,293,117,fiber_optic,month_to_month,11,75.2
495,no,multiple_lines,9.72,275,141,fiber_optic,month_to_month,8,90.25
496,no,multiple_lines,7.6,470,231,digital,two_year,72,84.1
497,yes,single_line,5.09,453,124,digital,month_to_month,2,44.6
498,no,multiple_lines,10.94,298,119,fiber_optic,month_to_month,38,101.15
499,no,single_line,6.36,358,122,fiber_optic,month_to_month,46,74.8
500,yes,multiple_lines,10.47,462,128,fiber_optic,one_year,50,108.55
501,no,single_line,9.81,339,116,fiber_optic,month_to_month,41,94.9
502,no,single_line,5.19,409,91,digital,month_to_month,9,49.2
503,no,single_line,8.18,257,104,fiber_optic,one_year,59,82.95
504,no,multiple_lines,10.07,366,173,fiber_optic,two_year,58,94.35
505,yes,multiple_lines,9.51,326,88,fiber_optic,month_to_month,69,89.95
506,no,single_line,10.02,332,101,fiber_optic,month_to_month,61,94.15
507,no,multiple_lines,7.15,383,161,digital,one_year,50,69.65
508,no,single_line,8.36,129,118,fiber_optic,month_to_month,32,86.1
509,yes,single_line,6.66,345,97,fiber_optic,month_to_month,25,70.95
510,no,multiple_lines,10.3,361,179,fiber_optic,two_year,48,96.9
511,yes,multiple_lines,7.85,257,125,digital,one_year,41,73
512,no,single_line,5.99,332,111,digital,one_year,52,53.75
513,no,multiple_lines,6.54,414,174,digital,two_year,72,66.85
514,no,multiple_lines,7.57,336,119,digital,month_to_month,9,69.05
515,no,single_line,10.73,372,126,fiber_optic,one_year,15,101.9
516,yes,single_line,9.01,464,113,fiber_optic,one_year,25,90.4
517,yes,multiple_lines,10.41,558,118,fiber_optic,month_to_month,66,105
518,no,multiple_lines,6.82,347,135,digital,one_year,20,68.7
519,no,single_line,5.52,251,96,digital,month_to_month,35,56.85
520,yes,single_line,3.68,457,45,digital,month_to_month,18,49.55
521,yes,multiple_lines,9.9,361,75,fiber_optic,month_to_month,15,101.1
522,no,multiple_lines,10.03,392,98,fiber_optic,month_to_month,23,96.9
523,no,single_line,7.24,244,88,digital,one_year,27,81.7
524,no,multiple_lines,10.12,363,130,fiber_optic,month_to_month,49,101.55
525,yes,multiple_lines,10.27,288,151,fiber_optic,month_to_month,30,100.2
526,no,multiple_lines,7.44,333,157,digital,two_year,64,81.3
527,no,single_line,7.47,454,144,fiber_optic,month_to_month,14,70.2
528,yes,multiple_lines,10.47,533,97,fiber_optic,month_to_month,16,96.4
529,no,single_line,5.94,351,64,digital,one_year,29,58
530,yes,multiple_lines,10.6,514,93,fiber_optic,month_to_month,42,105.2
531,yes,single_line,7.5,327,34,fiber_optic,month_to_month,1,71.35
532,yes,single_line,10.16,448,95,fiber_optic,month_to_month,1,95.6
533,no,multiple_lines,9.2,424,103,fiber_optic,one_year,47,94.9
534,no,multiple_lines,7.96,305,191,fiber_optic,month_to_month,14,80.35
535,yes,multiple_lines,7.52,388,132,fiber_optic,month_to_month,4,84.6
536,no,single_line,9.96,333,55,fiber_optic,month_to_month,56,98.7
537,no,multiple_lines,8.46,437,129,fiber_optic,month_to_month,70,90.85
538,yes,multiple_lines,8.81,302,112,fiber_optic,month_to_month,6,82.85
539,no,multiple_lines,7.72,372,140,fiber_optic,month_to_month,10,75.75
540,no,multiple_lines,11,288,115,fiber_optic,two_year,71,106.8
541,no,multiple_lines,9.6,436,100,fiber_optic,month_to_month,38,94.75
542,no,single_line,10.51,251,88,fiber_optic,two_year,67,111.05
543,no,multiple_lines,10.87,445,64,fiber_optic,two_year,70,113.65
544,no,multiple_lines,9.95,379,104,fiber_optic,month_to_month,57,104.9
545,yes,multiple_lines,8.21,356,96,fiber_optic,month_to_month,51,84.2
546,no,multiple_lines,9.24,388,137,fiber_optic,month_to_month,37,91.15
547,no,multiple_lines,11,349,133,fiber_optic,two_year,72,111.65
548,no,multiple_lines,10.19,281,58,fiber_optic,two_year,72,110.1
549,no,multiple_lines,10.65,329,95,fiber_optic,one_year,50,106.8
550,no,single_line,7.93,327,63,fiber_optic,one_year,26,75.5
551,no,multiple_lines,9.99,398,70,fiber_optic,one_year,70,95
552,yes,single_line,5.86,333,69,digital,month_to_month,9,44.95
553,no,single_line,6.24,331,93,digital,one_year,62,56.15
554,yes,single_line,5.45,334,87,digital,month_to_month,43,56.15
555,yes,multiple_lines,9.91,380,67,fiber_optic,one_year,62,103.75
556,no,multiple_lines,10.45,437,162,fiber_optic,two_year,69,105.35
557,no,single_line,8.9,311,112,fiber_optic,two_year,45,95.2
558,no,single_line,7.38,257,104,digital,one_year,60,70.15
559,yes,multiple_lines,8.82,415,44,fiber_optic,month_to_month,12,84.45
560,no,multiple_lines,9.76,366,112,fiber_optic,month_to_month,51,93.8
561,yes,single_line,9.42,359,92,fiber_optic,month_to_month,2,90.4
562,yes,multiple_lines,10.61,374,118,fiber_optic,month_to_month,67,102.95
563,yes,single_line,8.53,346,97,fiber_optic,month_to_month,4,81
564,no,multiple_lines,11.49,293,128,fiber_optic,two_year,71,115.15
565,no,single_line,5.34,330,95,digital,one_year,47,58.9
566,yes,multiple_lines,6.94,303,151,digital,month_to_month,22,54.45
567,no,single_line,5.63,254,52,digital,month_to_month,13,56
568,no,multiple_lines,9.95,376,63,fiber_optic,one_year,29,100.55
569,no,multiple_lines,9.43,401,142,fiber_optic,two_year,65,99.05
570,no,multiple_lines,8.7,396,133,digital,two_year,72,89.1
571,no,single_line,6.6,234,142,digital,one_year,31,64
572,no,multiple_lines,7.85,359,112,digital,two_year,43,86.45
573,no,single_line,7.91,380,46,fiber_optic,month_to_month,9,75.6
574,no,single_line,8.78,286,118,fiber_optic,two_year,71,76.05
575,yes,single_line,9.54,213,97,fiber_optic,month_to_month,4,94.4
576,no,multiple_lines,10.93,367,115,fiber_optic,two_year,68,110.25
577,no,single_line,6.89,339,94,fiber_optic,month_to_month,11,70.2
578,no,single_line,5.9,310,96,digital,two_year,16,64.25
579,no,single_line,6.09,327,90,digital,month_to_month,58,65.25
580,yes,multiple_lines,8.98,358,81,fiber_optic,month_to_month,13,84.6
581,yes,multiple_lines,8.85,379,90,fiber_optic,month_to_month,9,85.35
582,no,single_line,8.32,278,42,fiber_optic,two_year,70,84.6
583,yes,multiple_lines,9.28,368,111,fiber_optic,one_year,51,94.8
584,no,single_line,8.29,250,140,fiber_optic,one_year,40,80.8
585,yes,multiple_lines,10.24,416,155,fiber_optic,month_to_month,47,98.75
586,yes,multiple_lines,10.42,366,130,fiber_optic,one_year,43,107.55
587,yes,multiple_lines,11.37,420,147,fiber_optic,one_year,72,109.25
588,no,single_line,3.78,356,61,digital,month_to_month,14,50.45
589,no,single_line,7.54,321,124,fiber_optic,month_to_month,53,80.6
590,no,single_line,7.38,299,94,digital,one_year,62,70.75
591,yes,multiple_lines,12.15,443,101,fiber_optic,month_to_month,41,113.6
592,no,multiple_lines,11.64,297,99,fiber_optic,two_year,71,113.65
593,no,multiple_lines,8.38,298,176,fiber_optic,month_to_month,21,84.1
594,no,multiple_lines,9.72,369,141,digital,two_year,72,88.6
595,yes,single_line,4.49,382,57,digital,month_to_month,2,49.25
596,yes,single_line,7.04,367,108,fiber_optic,month_to_month,5,69.7
597,yes,multiple_lines,7.86,407,135,fiber_optic,month_to_month,14,80.45
598,no,single_line,7.68,238,102,digital,one_year,30,74.65
599,no,multiple_lines,8.03,379,152,digital,one_year,40,80.75
600,no,multiple_lines,10.27,374,100,digital,two_year,66,89.9
601,no,multiple_lines,8.91,318,57,fiber_optic,month_to_month,19,86.85
602,no,single_line,9,356,110,fiber_optic,month_to_month,26,85.75
603,yes,single_line,7.47,484,93,digital,one_year,25,74.3
604,no,single_line,7.85,140,103,digital,one_year,41,79.85
605,no,multiple_lines,10.35,333,85,fiber_optic,month_to_month,29,103.95
606,no,multiple_lines,9.19,327,106,digital,two_year,71,89.9
607,no,multiple_lines,7.24,326,81,digital,month_to_month,20,68.9
608,no,multiple_lines,8.42,438,97,digital,two_year,68,92.2
609,no,multiple_lines,12.49,278,140,fiber_optic,two_year,71,118.65
610,yes,multiple_lines,9.13,420,124,fiber_optic,month_to_month,2,96
611,no,single_line,6.38,251,123,digital,month_to_month,1,70.45
612,no,single_line,6.41,361,110,fiber_optic,month_to_month,50,69.75
613,no,multiple_lines,6.56,397,126,digital,month_to_month,29,66.1
614,no,multiple_lines,6.65,368,97,digital,one_year,64,70.15
615,no,single_line,8.94,101,108,fiber_optic,one_year,31,93.8
616,no,single_line,6.76,332,63,digital,two_year,21,71.05
617,no,multiple_lines,10.34,338,146,fiber_optic,month_to_month,48,105.1
618,no,single_line,4.89,285,110,digital,month_to_month,10,46
619,yes,multiple_lines,8.91,412,140,fiber_optic,month_to_month,25,89.5
620,no,multiple_lines,8.19,365,114,digital,one_year,20,76
621,no,multiple_lines,10.01,370,141,fiber_optic,month_to_month,26,98.1
622,no,multiple_lines,6.13,443,93,digital,month_to_month,55,51.65
623,no,multiple_lines,8.28,367,118,fiber_optic,one_year,24,83.15
624,no,multiple_lines,11.33,467,117,fiber_optic,two_year,72,116.6
625,yes,single_line,8.46,296,87,fiber_optic,month_to_month,11,89.7
626,yes,single_line,8.91,436,40,fiber_optic,month_to_month,1,89.9
627,yes,single_line,10.05,334,129,fiber_optic,month_to_month,8,94.7
628,yes,multiple_lines,8.61,348,92,fiber_optic,month_to_month,22,85.1
629,yes,multiple_lines,7.62,358,115,fiber_optic,month_to_month,49,75.2
630,no,single_line,5.13,322,122,digital,month_to_month,8,54.75
631,no,multiple_lines,6.96,308,147,digital,month_to_month,64,74.65
632,no,multiple_lines,9.68,417,181,fiber_optic,month_to_month,65,85.75
633,no,multiple_lines,9.39,287,132,fiber_optic,month_to_month,37,92.95
634,no,multiple_lines,8.06,297,90,fiber_optic,month_to_month,13,80
635,no,single_line,4.44,242,113,digital,month_to_month,7,43.9
636,yes,single_line,7.88,238,116,fiber_optic,month_to_month,3,78.5
637,yes,single_line,4,323,71,digital,month_to_month,1,46
638,no,multiple_lines,7.95,370,82,digital,one_year,24,84.8
639,no,single_line,5.61,276,117,digital,month_to_month,31,49.2
640,no,multiple_lines,6.22,223,112,digital,month_to_month,11,65.15
641,no,multiple_lines,7.07,305,111,digital,one_year,35,69
642,no,multiple_lines,8.04,349,117,digital,two_year,60,84.95
643,no,multiple_lines,10.4,330,147,fiber_optic,one_year,61,99.9
644,yes,single_line,7.99,342,91,fiber_optic,month_to_month,15,79.4
645,yes,single_line,6.78,307,103,fiber_optic,month_to_month,2,70.95
646,no,single_line,8.1,280,109,digital,two_year,57,74.35
647,no,single_line,8.58,264,88,fiber_optic,month_to_month,3,86.05
648,no,multiple_lines,8.22,481,124,fiber_optic,month_to_month,17,82.65
649,no,multiple_lines,6.72,400,112,digital,two_year,61,69.9
650,yes,multiple_lines,10.28,376,88,fiber_optic,month_to_month,7,95
651,no,multiple_lines,10.48,274,141,fiber_optic,month_to_month,66,105.2
652,no,multiple_lines,8.04,306,84,fiber_optic,month_to_month,23,79.35
653,no,single_line,5.2,256,81,digital,month_to_month,1,50.7
654,no,multiple_lines,9.2,293,112,fiber_optic,two_year,61,101.05
655,no,single_line,5.94,340,105,digital,month_to_month,8,65.45
656,no,multiple_lines,9.63,407,129,fiber_optic,one_year,55,100.9
657,yes,single_line,8.36,393,69,fiber_optic,month_to_month,2,80.2
658,yes,single_line,7.1,249,78,digital,month_to_month,9,74.65
659,no,multiple_lines,10.15,314,96,fiber_optic,month_to_month,41,104.4
660,no,single_line,5.15,231,79,digital,one_year,58,44.1
661,yes,single_line,8.54,292,59,fiber_optic,month_to_month,2,80.75
662,no,single_line,5.02,283,121,digital,month_to_month,2,45
663,no,multiple_lines,9.19,422,101,fiber_optic,one_year,71,105.7
664,no,multiple_lines,10.53,371,126,fiber_optic,month_to_month,65,109.4
665,yes,single_line,7.46,261,93,fiber_optic,month_to_month,1,79.6
666,no,single_line,9.28,289,126,digital,two_year,69,80.65
667,yes,single_line,8.89,341,82,fiber_optic,month_to_month,7,86.25
668,no,multiple_lines,10.19,362,135,fiber_optic,one_year,72,108.5
669,no,multiple_lines,8.72,388,143,fiber_optic,one_year,58,94.3
670,no,multiple_lines,7.69,331,91,digital,one_year,51,81.15
671,no,single_line,7.23,428,117,digital,two_year,72,74.4
672,no,multiple_lines,10.12,348,136,fiber_optic,two_year,69,113.25
673,no,single_line,4.84,345,97,digital,one_year,17,44.6
674,no,single_line,6.02,247,120,digital,month_to_month,30,66.3
675,no,single_line,8.66,200,108,fiber_optic,month_to_month,15,94.65
676,no,single_line,4.14,306,158,digital,month_to_month,2,50.95
677,yes,single_line,8.63,405,95,fiber_optic,month_to_month,6,80.5
678,no,multiple_lines,9.83,301,61,fiber_optic,two_year,72,105.55
679,no,multiple_lines,11.4,381,86,fiber_optic,two_year,69,109.95
680,no,multiple_lines,5.18,310,162,digital,one_year,14,54.25
681,yes,multiple_lines,10.02,386,112,fiber_optic,month_to_month,11,95.15
682,no,multiple_lines,9.25,354,124,fiber_optic,month_to_month,51,83.4
683,no,multiple_lines,8.5,360,81,fiber_optic,one_year,16,79.5
684,no,single_line,9.16,221,71,digital,one_year,49,87.2
685,no,single_line,8.31,420,132,fiber_optic,month_to_month,8,94.75
686,no,single_line,7.44,374,100,digital,two_year,71,73.35
687,no,single_line,6.12,249,120,digital,month_to_month,13,59.9
688,yes,single_line,4.32,490,97,digital,month_to_month,1,45.95
689,yes,single_line,5.45,334,72,digital,month_to_month,5,54.2
690,no,multiple_lines,11.14,238,150,fiber_optic,one_year,63,104.5
691,no,multiple_lines,7.05,271,117,digital,one_year,48,70.55
692,yes,single_line,9.16,298,115,fiber_optic,month_to_month,29,94.65
693,no,multiple_lines,9.55,183,135,fiber_optic,one_year,51,90.35
694,no,single_line,8.9,376,110,fiber_optic,one_year,67,84.8
695,yes,single_line,5.46,370,51,digital,month_to_month,2,44.95
696,yes,multiple_lines,9.09,466,101,fiber_optic,month_to_month,15,89.85
697,yes,multiple_lines,9.99,390,113,fiber_optic,month_to_month,14,86.1
698,no,multiple_lines,8.74,275,110,digital,one_year,30,79.3
699,no,single_line,7.89,316,100,digital,two_year,48,70.1
700,yes,multiple_lines,9.3,489,107,fiber_optic,month_to_month,32,93.2
701,no,single_line,5.36,265,116,digital,month_to_month,1,54.5
702,yes,single_line,7.3,262,38,fiber_optic,month_to_month,2,73.55
703,no,multiple_lines,10.93,400,139,fiber_optic,two_year,72,108.4
704,no,multiple_lines,6.43,350,120,digital,one_year,51,59.9
705,yes,single_line,7.01,435,59,fiber_optic,month_to_month,50,71.05
706,no,single_line,5.89,395,71,digital,two_year,60,61.35
707,no,multiple_lines,11.17,338,111,fiber_optic,month_to_month,4,100.85
708,no,multiple_lines,8.88,342,166,fiber_optic,month_to_month,19,84.75
709,yes,multiple_lines,6.15,391,98,digital,month_to_month,1,54.35
710,yes,single_line,9.78,395,80,fiber_optic,month_to_month,27,101.25
711,no,multiple_lines,8.08,397,181,fiber_optic,two_year,72,79.05
712,no,single_line,8.82,238,93,fiber_optic,month_to_month,28,89.9
713,yes,single_line,8.89,294,80,fiber_optic,month_to_month,8,83.55
714,no,multiple_lines,8.12,254,200,fiber_optic,month_to_month,12,89.15
715,no,single_line,3.84,295,98,digital,month_to_month,1,50.15
716,yes,single_line,6.79,462,124,fiber_optic,month_to_month,1,69.1
717,yes,single_line,4.33,219,87,digital,month_to_month,6,49.15
718,no,multiple_lines,9.45,444,103,fiber_optic,month_to_month,42,94.4
719,no,multiple_lines,7.69,395,151,digital,two_year,47,74.05
720,no,multiple_lines,7.93,302,122,digital,two_year,52,89.25
721,yes,multiple_lines,9.5,510,71,fiber_optic,month_to_month,16,96.15
722,no,multiple_lines,10.59,373,139,fiber_optic,one_year,61,100.7
723,yes,multiple_lines,10.21,455,111,fiber_optic,month_to_month,47,109.55
724,no,multiple_lines,8.5,306,99,digital,two_year,70,85.95
725,yes,multiple_lines,9.88,396,118,fiber_optic,month_to_month,13,96.65
726,no,single_line,6.1,351,114,fiber_optic,month_to_month,7,69.9
727,yes,multiple_lines,8.87,399,89,fiber_optic,month_to_month,47,85.2
728,yes,multiple_lines,10.34,381,89,fiber_optic,month_to_month,32,104.9
729,no,multiple_lines,10.59,377,177,fiber_optic,one_year,51,107.45
730,no,single_line,7.21,348,108,fiber_optic,month_to_month,9,79.55
731,no,single_line,9.2,312,132,fiber_optic,month_to_month,27,89.2
732,yes,multiple_lines,8.94,319,78,fiber_optic,month_to_month,5,80.15
733,no,multiple_lines,8.68,359,154,fiber_optic,month_to_month,45,81.4
734,yes,multiple_lines,7.69,392,99,fiber_optic,month_to_month,2,78.55
735,no,multiple_lines,9.87,338,95,fiber_optic,two_year,63,97.45
736,no,multiple_lines,6.71,425,133,digital,month_to_month,26,66.05
737,no,multiple_lines,5.42,370,137,digital,one_year,48,60.6
738,yes,single_line,4.89,299,44,digital,month_to_month,1,45.3
739,no,single_line,7.72,291,98,digital,month_to_month,25,79
740,yes,single_line,4.83,378,120,digital,month_to_month,1,45.95
741,no,single_line,4.39,334,109,digital,month_to_month,8,43.55
742,no,single_line,7.13,288,127,fiber_optic,month_to_month,9,74.85
743,no,single_line,7.53,275,102,digital,two_year,62,81
744,no,multiple_lines,10.92,279,92,fiber_optic,two_year,69,110.05
745,yes,single_line,9.09,382,73,fiber_optic,month_to_month,1,81.1
746,yes,single_line,8.93,325,120,fiber_optic,one_year,67,90.6
747,yes,multiple_lines,7.47,381,83,fiber_optic,month_to_month,2,75.9
748,no,multiple_lines,10.5,334,111,fiber_optic,month_to_month,36,104.5
749,yes,multiple_lines,9.95,443,62,fiber_optic,month_to_month,43,101
750,no,single_line,9.92,361,57,fiber_optic,month_to_month,15,101.75
751,no,multiple_lines,8.44,381,124,fiber_optic,month_to_month,14,95.6
752,no,multiple_lines,9.02,366,150,fiber_optic,month_to_month,46,84.25
753,yes,single_line,8.37,280,76,fiber_optic,month_to_month,8,80.1
754,yes,multiple_lines,9.4,452,144,fiber_optic,month_to_month,33,94.5
755,no,multiple_lines,12.01,248,144,fiber_optic,two_year,72,115.5
756,yes,single_line,7.01,227,95,fiber_optic,month_to_month,1,75.7
757,yes,multiple_lines,8.3,491,52,fiber_optic,month_to_month,1,73.55
758,yes,multiple_lines,10.05,393,108,fiber_optic,month_to_month,34,97.65
759,no,multiple_lines,6.82,332,150,digital,two_year,53,73.9
760,no,single_line,8.66,268,98,fiber_optic,one_year,48,97.05
761,yes,multiple_lines,10.17,429,119,fiber_optic,month_to_month,50,103.7
762,yes,single_line,7.18,250,134,fiber_optic,month_to_month,1,70.85
763,no,multiple_lines,11.84,458,98,fiber_optic,two_year,72,114.5
764,no,single_line,6.2,382,135,digital,two_year,71,64.05
765,no,single_line,6.93,313,98,digital,one_year,50,70.8
766,no,single_line,6.03,219,112,digital,one_year,60,59.8
767,no,single_line,7.98,181,70,fiber_optic,month_to_month,4,70.65
768,no,single_line,5.85,417,67,digital,one_year,23,64.9
769,no,multiple_lines,10.04,291,132,fiber_optic,one_year,47,94.8
770,yes,single_line,7.17,352,75,fiber_optic,month_to_month,1,74.3
771,yes,multiple_lines,10.23,550,135,fiber_optic,month_to_month,18,94.7
772,yes,multiple_lines,9.7,437,95,fiber_optic,month_to_month,1,90.6
773,yes,single_line,7.12,460,95,fiber_optic,month_to_month,1,69.65
774,no,multiple_lines,9.29,386,107,fiber_optic,month_to_month,3,94.9
775,yes,multiple_lines,9.53,468,101,fiber_optic,month_to_month,29,89.2
776,yes,multiple_lines,11.13,357,95,fiber_optic,two_year,67,108.75
777,yes,single_line,6.69,319,73,fiber_optic,month_to_month,2,70.75
778,no,single_line,4.73,237,113,digital,month_to_month,27,49.85
779,yes,single_line,6.13,322,80,fiber_optic,month_to_month,3,69.65
780,no,single_line,4.2,229,104,digital,month_to_month,1,49.8
781,no,multiple_lines,10.15,353,182,fiber_optic,one_year,43,104.3
782,yes,single_line,6.33,413,109,digital,two_year,46,54.35
783,no,multiple_lines,7.23,328,152,fiber_optic,month_to_month,1,72.1
784,no,single_line,5.4,319,81,digital,two_year,45,54.65
785,no,single_line,5.38,297,62,digital,month_to_month,18,50.3
786,no,single_line,11.43,268,99,fiber_optic,two_year,71,109.3
787,no,multiple_lines,9.47,376,169,fiber_optic,two_year,72,99.15
788,no,single_line,3.13,422,129,digital,month_to_month,1,44
789,no,multiple_lines,11.91,365,101,fiber_optic,one_year,64,111.45
790,no,multiple_lines,8.91,388,97,fiber_optic,one_year,46,94.15
791,no,multiple_lines,7.94,411,125,fiber_optic,month_to_month,18,80.55
792,no,multiple_lines,9.86,374,131,fiber_optic,one_year,49,93.65
793,no,multiple_lines,7.08,420,184,digital,month_to_month,25,69.5
794,no,single_line,7.95,362,100,fiber_optic,one_year,27,80.65
795,no,multiple_lines,11.23,389,111,fiber_optic,two_year,72,112.75
796,no,single_line,10.76,238,101,fiber_optic,month_to_month,17,101.8
797,yes,single_line,6.82,373,47,fiber_optic,month_to_month,1,70.5
798,no,single_line,3.5,209,135,digital,month_to_month,46,44.95
799,yes,multiple_lines,7.81,357,105,fiber_optic,month_to_month,1,74.25
800,no,multiple_lines,8.47,307,71,fiber_optic,month_to_month,32,79.3
801,yes,multiple_lines,10.76,486,117,fiber_optic,month_to_month,24,102.95
802,no,single_line,6.14,312,88,digital,two_year,66,61.15
803,no,multiple_lines,8.45,345,130,fiber_optic,one_year,68,83.65
804,yes,multiple_lines,4.96,380,136,digital,month_to_month,1,49.95
805,yes,multiple_lines,9.77,349,103,fiber_optic,one_year,56,104.55
806,no,multiple_lines,5.55,354,172,digital,one_year,64,66.15
807,no,single_line,7.48,98,92,fiber_optic,month_to_month,3,80.7
808,no,multiple_lines,8.17,412,121,fiber_optic,month_to_month,21,95.4
809,no,multiple_lines,8.25,322,169,digital,two_year,72,84.1
810,no,multiple_lines,11.76,281,146,fiber_optic,two_year,69,114.35
811,no,single_line,4.99,340,57,digital,month_to_month,1,49.95
812,no,single_line,6.12,322,114,digital,one_year,33,58.45
813,no,multiple_lines,7.3,280,165,digital,two_year,71,80.6
814,no,multiple_lines,9.69,292,164,fiber_optic,two_year,71,96.35
815,yes,multiple_lines,10.05,452,129,fiber_optic,month_to_month,56,94.45
816,no,single_line,7.84,301,81,digital,two_year,71,77.55
817,no,single_line,10.08,307,130,fiber_optic,month_to_month,12,84.6
818,no,single_line,10.89,213,68,fiber_optic,one_year,54,105.85
819,no,multiple_lines,8.17,370,168,fiber_optic,month_to_month,24,80.5
820,no,multiple_lines,8.19,386,134,fiber_optic,two_year,72,84.05
821,yes,multiple_lines,9.75,448,70,fiber_optic,month_to_month,2,94
822,no,single_line,9.29,355,113,fiber_optic,one_year,53,100.3
823,no,multiple_lines,7.59,418,161,digital,month_to_month,30,67.6
824,no,single_line,7.24,321,63,digital,month_to_month,13,63.15
825,no,single_line,9.45,383,99,fiber_optic,one_year,52,91.25
826,no,multiple_lines,9.99,418,57,fiber_optic,two_year,72,107.7
827,yes,multiple_lines,9.68,371,106,fiber_optic,one_year,61,104.4
828,no,single_line,9.06,259,67,digital,two_year,69,84.7
829,no,multiple_lines,6.01,485,134,digital,month_to_month,66,63.85
830,yes,multiple_lines,7.85,492,99,fiber_optic,month_to_month,47,80.35
831,no,multiple_lines,9.12,278,150,digital,two_year,71,84.2
832,yes,single_line,4.27,78,141,digital,month_to_month,1,45.75
833,no,multiple_lines,6.77,419,143,digital,two_year,54,59.8
834,yes,single_line,9.32,195,109,fiber_optic,month_to_month,22,94.7
835,no,multiple_lines,10.66,416,95,fiber_optic,one_year,62,110.75
836,no,multiple_lines,8.93,349,157,fiber_optic,month_to_month,12,89.55
837,no,multiple_lines,10.09,472,171,fiber_optic,two_year,72,97
838,no,multiple_lines,8.09,343,145,digital,two_year,66,85.25
839,no,multiple_lines,8.3,311,166,fiber_optic,month_to_month,61,89.2
840,no,multiple_lines,11.01,321,139,fiber_optic,month_to_month,28,110.85
841,no,single_line,9.63,302,99,fiber_optic,month_to_month,29,98.8
842,no,single_line,7.4,208,71,digital,month_to_month,19,61.55
843,yes,single_line,5.33,385,88,digital,one_year,12,53.65
844,no,single_line,8.01,445,100,fiber_optic,month_to_month,3,70.3
845,no,single_line,10.59,353,118,fiber_optic,one_year,52,104.45
846,no,single_line,6.46,385,77,digital,two_year,3,71.1
847,yes,multiple_lines,9.19,440,108,fiber_optic,month_to_month,17,92.55
848,no,single_line,5.34,393,123,digital,month_to_month,1,45.25
849,no,single_line,6.71,409,107,digital,two_year,72,73
850,yes,multiple_lines,9.26,318,118,fiber_optic,month_to_month,40,94.55
851,no,multiple_lines,8.23,359,103,digital,one_year,68,73
852,no,single_line,4.3,400,21,digital,month_to_month,1,44.8
853,no,multiple_lines,11.03,345,115,fiber_optic,one_year,67,109.9
854,no,single_line,8.27,134,69,digital,one_year,27,78.2
855,yes,multiple_lines,9.11,352,116,fiber_optic,month_to_month,41,99.8
856,no,single_line,6.93,345,83,digital,month_to_month,10,60.95
857,no,multiple_lines,8.66,383,161,fiber_optic,month_to_month,66,89.4
858,no,multiple_lines,7.58,413,115,digital,two_year,70,76.1
859,yes,multiple_lines,11.28,368,131,fiber_optic,one_year,66,110.9
860,yes,multiple_lines,9.73,488,168,fiber_optic,month_to_month,22,101.35
861,no,single_line,9.56,198,115,fiber_optic,month_to_month,9,93
862,no,multiple_lines,8.28,467,119,fiber_optic,month_to_month,56,86.4
863,yes,multiple_lines,7.68,368,98,fiber_optic,month_to_month,3,75.15
864,no,single_line,6.68,283,116,digital,one_year,21,64.85
865,yes,single_line,10.73,463,125,fiber_optic,month_to_month,66,99.5
866,yes,multiple_lines,8.29,514,112,fiber_optic,month_to_month,24,78.85
867,yes,multiple_lines,9.51,469,105,fiber_optic,month_to_month,21,97.35
868,yes,multiple_lines,8.79,395,100,fiber_optic,month_to_month,8,87.05
869,yes,single_line,11.37,202,75,fiber_optic,month_to_month,15,101.25
870,yes,single_line,7.54,417,48,fiber_optic,month_to_month,4,79.15
871,yes,single_line,8.44,402,83,fiber_optic,month_to_month,1,79.2
872,yes,single_line,5.91,333,49,digital,one_year,48,60.35
873,yes,single_line,7.63,297,105,fiber_optic,month_to_month,1,69.65
874,yes,multiple_lines,9.79,353,128,fiber_optic,month_to_month,55,96.75
875,yes,single_line,6.21,357,109,digital,month_to_month,1,49.9
876,yes,multiple_lines,6.08,285,68,digital,month_to_month,1,62.05
877,no,single_line,7.52,286,81,digital,one_year,67,72.35
878,no,multiple_lines,11.3,369,94,fiber_optic,month_to_month,61,106.35
879,yes,single_line,7.73,437,53,fiber_optic,month_to_month,2,70.65
880,no,single_line,5.82,330,88,digital,month_to_month,1,55.3
881,no,multiple_lines,5.78,436,148,digital,one_year,36,55.8
882,no,multiple_lines,8.71,405,182,fiber_optic,one_year,18,89.6
883,yes,multiple_lines,10.17,499,120,fiber_optic,month_to_month,20,94.55
884,no,single_line,5.88,390,102,digital,month_to_month,7,64.95
885,yes,multiple_lines,6.97,359,71,fiber_optic,month_to_month,3,74.4
886,no,multiple_lines,8.4,289,83,fiber_optic,two_year,72,90.35
887,no,single_line,7.47,370,57,fiber_optic,month_to_month,16,73.25
888,no,single_line,6.68,331,79,fiber_optic,month_to_month,18,71.1
889,no,single_line,5.28,248,86,digital,month_to_month,3,55.9
890,no,multiple_lines,11.08,381,96,fiber_optic,two_year,64,111.6
891,no,multiple_lines,6.01,361,106,digital,one_year,67,75.1
892,no,multiple_lines,8.76,321,112,fiber_optic,month_to_month,60,99
893,yes,single_line,4.73,330,54,digital,month_to_month,1,50.8
894,no,single_line,9.28,248,106,fiber_optic,month_to_month,32,91.05
895,no,multiple_lines,8.64,281,88,fiber_optic,one_year,43,91.25
896,no,multiple_lines,9.24,369,115,fiber_optic,two_year,72,98.2
897,yes,single_line,9.35,409,133,fiber_optic,month_to_month,16,94.25
898,no,single_line,7.74,329,90,digital,two_year,31,79.2
899,no,multiple_lines,9.16,389,123,fiber_optic,month_to_month,7,94.1
900,yes,single_line,9.07,378,112,fiber_optic,month_to_month,17,89.15
901,no,single_line,5.53,332,104,digital,month_to_month,12,51.25
902,yes,single_line,6.64,339,116,fiber_optic,month_to_month,1,69.85
903,no,multiple_lines,9.41,384,183,fiber_optic,month_to_month,27,95
904,no,single_line,6.01,121,92,digital,month_to_month,49,61.75
905,yes,single_line,9.35,313,44,fiber_optic,month_to_month,21,96.8
906,yes,multiple_lines,8.84,363,88,fiber_optic,month_to_month,8,85.2
907,no,multiple_lines,10.06,336,124,fiber_optic,month_to_month,24,99.65
908,no,single_line,4.75,407,97,digital,month_to_month,2,49.95
909,no,single_line,5.4,214,83,digital,month_to_month,34,49.8
910,no,multiple_lines,7.06,394,141,fiber_optic,month_to_month,41,80.25
911,no,single_line,5.13,186,92,digital,two_year,71,54.5
912,no,multiple_lines,9.81,292,157,fiber_optic,month_to_month,6,80.8
913,yes,single_line,5.88,481,137,digital,one_year,22,55.15
914,yes,multiple_lines,9.04,412,104,fiber_optic,month_to_month,1,95.45
915,no,single_line,11.77,183,67,fiber_optic,one_year,71,104.65
916,no,single_line,8.82,325,69,fiber_optic,month_to_month,28,91
917,no,multiple_lines,9.32,373,122,fiber_optic,two_year,71,99
918,no,single_line,11.05,411,105,fiber_optic,one_year,68,100.3
919,no,single_line,9.25,301,109,fiber_optic,month_to_month,43,91.65
920,no,multiple_lines,6.63,409,147,fiber_optic,month_to_month,11,75.25
921,no,single_line,5.08,320,102,digital,month_to_month,5,55.75
922,yes,multiple_lines,8.37,399,133,fiber_optic,month_to_month,53,85.45
923,no,single_line,8.81,387,84,fiber_optic,one_year,69,87.3
924,yes,single_line,7.15,404,66,fiber_optic,month_to_month,1,75.8
925,no,single_line,8.9,267,97,fiber_optic,month_to_month,32,90.95
926,no,single_line,9.52,263,88,fiber_optic,month_to_month,24,79.85
927,no,single_line,5.53,335,125,digital,two_year,2,59.5
928,no,multiple_lines,7.54,338,118,fiber_optic,month_to_month,12,73.3
929,no,multiple_lines,11.16,520,111,fiber_optic,two_year,70,115.15
930,no,single_line,7.1,375,98,digital,two_year,43,79.15
931,yes,multiple_lines,10.53,398,103,fiber_optic,month_to_month,40,101.3
932,yes,multiple_lines,10.92,435,139,fiber_optic,month_to_month,41,106.3
933,yes,multiple_lines,7.29,395,96,fiber_optic,month_to_month,20,82.4
934,yes,multiple_lines,10.75,485,128,fiber_optic,two_year,70,104
935,no,single_line,8,274,142,digital,month_to_month,62,80.4
936,no,multiple_lines,7.57,310,109,digital,two_year,72,64.75
937,no,multiple_lines,9.78,289,80,fiber_optic,month_to_month,56,96.85
938,yes,multiple_lines,9.4,507,95,fiber_optic,month_to_month,25,100.25
939,no,multiple_lines,7.79,378,159,fiber_optic,month_to_month,40,81.2
940,no,multiple_lines,9.27,314,134,fiber_optic,month_to_month,23,90.15
941,no,single_line,10.02,418,130,fiber_optic,one_year,10,98.9
942,no,single_line,6.29,222,126,digital,month_to_month,32,61.4
943,no,single_line,7.07,258,95,digital,one_year,17,80.85
944,no,multiple_lines,11.4,329,102,fiber_optic,two_year,72,114.1
945,no,single_line,7.86,270,122,fiber_optic,month_to_month,47,75.45
946,yes,multiple_lines,7.31,387,97,fiber_optic,month_to_month,23,79.15
947,yes,multiple_lines,9.02,407,122,fiber_optic,month_to_month,17,85.35
948,no,multiple_lines,10.62,402,45,fiber_optic,one_year,64,104.4
949,no,single_line,6.85,249,122,fiber_optic,month_to_month,3,74.75
950,no,single_line,10.49,456,97,fiber_optic,one_year,23,99.95
951,yes,single_line,10.07,301,106,fiber_optic,one_year,46,105.2
952,no,single_line,5.62,337,86,digital,month_to_month,9,54.8
953,no,multiple_lines,8.71,460,113,fiber_optic,one_year,51,90.15
954,no,multiple_lines,7.22,295,108,digital,two_year,67,74
955,no,multiple_lines,11.08,275,215,fiber_optic,two_year,72,117.6
956,no,multiple_lines,6.25,369,98,digital,one_year,41,56.3
957,no,multiple_lines,8.88,299,108,digital,two_year,72,90.25
958,yes,single_line,8.15,255,77,fiber_optic,month_to_month,9,79.9
959,no,multiple_lines,10.87,308,146,fiber_optic,two_year,60,116.05
960,no,single_line,6.12,212,59,fiber_optic,month_to_month,3,75.05
961,yes,single_line,4.35,371,39,digital,month_to_month,1,44.15
962,no,multiple_lines,8.71,374,103,fiber_optic,month_to_month,18,95.05
963,yes,multiple_lines,9.33,484,122,fiber_optic,month_to_month,40,84.85
964,no,multiple_lines,10.85,396,124,fiber_optic,two_year,72,110.9
965,yes,multiple_lines,10.49,379,130,fiber_optic,month_to_month,65,109.15
966,yes,multiple_lines,10.72,388,133,fiber_optic,month_to_month,69,99.45
967,no,single_line,5.04,275,112,digital,one_year,66,54.8
968,yes,multiple_lines,7.46,372,108,fiber_optic,month_to_month,7,85.2
969,yes,single_line,6.68,423,75,fiber_optic,month_to_month,2,70.7
970,no,single_line,7.26,273,67,digital,two_year,68,82.85
971,no,multiple_lines,10.86,328,139,fiber_optic,one_year,45,96.75
972,no,multiple_lines,6.36,369,171,digital,month_to_month,18,58.4
973,yes,single_line,7.73,193,55,fiber_optic,month_to_month,5,83.6
974,no,single_line,7.34,205,136,fiber_optic,month_to_month,22,75
975,no,multiple_lines,5.59,399,79,digital,month_to_month,1,50.15
