,final_grade,review_date,cocoa_percent,company_location,bean_type,broad_bean_origin
1,3.75,2016,0.63,France,,Sao Tome
2,2.75,2015,0.7,France,,Togo
3,3,2015,0.7,France,,Togo
4,3.5,2015,0.7,France,,Togo
5,3.5,2015,0.7,France,,Peru
6,2.75,2014,0.7,France,Criollo,Venezuela
7,3.5,2014,0.7,France,,Cuba
8,3.5,2014,0.7,France,Criollo,Venezuela
9,3.75,2014,0.7,France,Criollo,Venezuela
10,4,2014,0.7,France,,Peru
11,2.75,2013,0.7,France,,Panama
12,3,2013,0.7,France,Criollo,Madagascar
13,3.75,2013,0.7,France,,Ecuador
14,2.75,2013,0.7,France,,Colombia
15,3,2013,0.7,France,,Burma
16,3.25,2013,0.7,France,,Papua New Guinea
17,4,2013,0.7,France,Trinitario,Venezuela
18,3.25,2013,0.7,France,,Peru
19,3.5,2013,0.7,France,,Peru
20,4,2013,0.63,France,,Peru
21,3.5,2012,0.7,France,,Bolivia
22,3.75,2012,0.63,France,,Peru
23,3.75,2015,0.7,U.S.A.,Criollo,Peru
24,3.25,2011,0.8,Fiji,Trinitario,Fiji
25,3.5,2011,0.88,Fiji,Trinitario,Fiji
26,3.5,2011,0.72,Fiji,Trinitario,Fiji
27,2.75,2009,0.55,Ecuador,Forastero (Arriba),Ecuador
28,3,2009,0.7,Ecuador,Forastero (Arriba),Ecuador
29,3,2009,0.7,Mexico,Criollo,Mexico
30,3.75,2011,0.75,Switzerland,Trinitario,Indonesia
31,2.75,2010,0.75,Switzerland,Forastero,Brazil
32,2.75,2014,0.65,France,Trinitario,Trinidad
33,2.75,2014,0.75,France,Trinitario,Vietnam
34,3,2014,0.75,France,Trinitario,Madagascar
35,3.5,2017,0.7,Netherlands,"Criollo, Trinitario",Nicaragua
36,3.5,2017,0.7,Netherlands,Trinitario,Vietnam
37,3.5,2017,0.7,Netherlands,Forastero,Tanzania
38,2.75,2016,0.6,U.S.A.,,Nicaragua
39,3,2016,0.6,U.S.A.,,Peru
40,2.5,2016,0.6,U.S.A.,,Bolivia
41,2.5,2016,0.6,U.S.A.,,Peru
42,2.75,2016,0.6,U.S.A.,,Ecuador
43,2.5,2013,0.6,U.S.A.,,Venezuela
44,3,2013,0.6,U.S.A.,Trinitario,Dominican Republic
45,3.25,2013,0.8,U.S.A.,,Bolivia
46,3,2013,0.6,U.S.A.,,Bolivia
47,3.25,2013,0.6,U.S.A.,,Peru
48,4,2011,0.7,U.S.A.,,Papua New Guinea
49,3.75,2010,0.7,U.S.A.,,Dominican Republic
50,4,2010,0.7,U.S.A.,,Ecuador
51,3,2010,0.7,U.S.A.,Trinitario,Venezuela
52,3,2009,0.7,U.S.A.,,Venezuela
53,2.75,2008,0.7,U.S.A.,,Indonesia
54,3.5,2007,0.7,U.S.A.,Trinitario,Madagascar
55,3,2007,0.7,U.S.A.,,Venezuela
56,3.75,2007,0.7,U.S.A.,Criollo,Venezuela
57,2.75,2009,0.7,Spain,,Ecuador
58,2.75,2009,0.85,Spain,,Ecuador
59,3.25,2013,0.72,Peru,,Peru
60,3,2015,0.64,Canada,Trinitario,Belize
61,3.25,2015,0.66,Canada,Trinitario,Madagascar
62,3.25,2015,0.63,Canada,,Papua New Guinea
63,3.25,2015,0.7,Canada,,Venezuela
64,3.5,2015,0.68,Canada,,Peru
65,4,2007,0.7,Italy,Criollo (Porcelana),Venezuela
66,4,2007,0.75,Italy,Blend,
67,5,2007,0.7,Italy,Trinitario,Venezuela
68,3,2007,0.7,Italy,Trinitario,Jamaica
69,3.5,2007,0.7,Italy,Trinitario,Grenada
70,3.5,2007,0.7,Italy,Trinitario,Trinidad
71,3.5,2007,0.63,Italy,Blend,
72,5,2006,0.7,Italy,Blend,
73,4,2006,0.66,Italy,Blend,
74,3.25,2013,0.75,Brazil,Forastero (Catongo),Brazil
75,3.75,2010,0.5,Brazil,Forastero (Parazinho),Brazil
76,3.75,2010,0.75,Brazil,Forastero (Parazinho),Brazil
77,4,2010,0.6,Brazil,Forastero (Parazinho),Brazil
78,3,2014,0.75,U.S.A.,,Dominican Republic
79,3.5,2016,0.75,U.S.A.,,Bolivia
80,3,2014,0.75,France,Trinitario,Madagascar
81,2.5,2014,0.72,France,,Mexico
82,2.75,2014,0.75,France,,Ecuador
83,3,2014,0.75,France,,Venezuela
84,3.5,2016,0.7,U.S.A.,Trinitario,Trinidad
85,3.75,2016,0.7,U.S.A.,,Tanzania
86,3.5,2016,0.73,U.S.A.,Trinitario,Vietnam
87,3.25,2016,0.7,U.S.A.,,Ecuador
88,3.25,2016,0.7,U.S.A.,,Ecuador
89,3.5,2016,0.7,U.S.A.,,Guatemala
90,3.75,2016,0.7,U.S.A.,,Nicaragua
91,3.5,2016,0.7,U.S.A.,,Honduras
92,4,2016,0.7,U.S.A.,,Costa Rica
93,4,2016,0.7,U.S.A.,Forastero (Nacional),Peru
94,3.75,2016,0.7,U.S.A.,,Dominican Republic
95,3.25,2016,0.7,U.S.A.,,Fiji
96,3.25,2016,0.73,U.S.A.,,Vietnam
97,3.5,2015,0.7,U.S.A.,,Brazil
98,3.5,2015,0.68,U.S.A.,Forastero (Nacional),Peru
99,3.5,2015,0.7,U.S.A.,,Domincan Republic
100,4,2015,0.7,U.S.A.,"Criollo, Trinitario",Nicaragua
101,2.75,2015,0.75,U.S.A.,,Brazil
102,3.25,2015,0.7,U.S.A.,,Guatemala
103,3.25,2013,0.72,U.K.,Trinitario,Trinidad
104,3.75,2012,0.72,U.K.,,Colombia
105,4,2011,0.72,U.K.,,Haiti
106,2.75,2011,0.72,U.K.,,Panama
107,1.75,2010,1,U.K.,,Venezuela
108,3.25,2010,0.72,U.K.,,Costa Rica
109,3.25,2010,0.72,U.K.,Trinitario,Vietnam
110,3.5,2010,0.72,U.K.,,Indonesia
111,2.5,2009,0.75,U.K.,"Criollo, Trinitario",Venezuela
112,2.75,2009,0.72,U.K.,Trinitario,Indonesia
113,1.75,2009,0.72,U.K.,,Brazil
114,3,2009,0.8,U.K.,"Criollo, Trinitario",Madagascar
115,3,2009,0.75,U.K.,Criollo,Peru
116,3.25,2009,0.72,U.K.,Trinitario,Dominican Republic
117,2.75,2013,0.72,U.K.,Trinitario,Colombia
118,3.75,2016,0.68,U.S.A.,Trinitario,Tanzania
119,3.75,2011,0.72,U.S.A.,Trinitario,Tanzania
120,3.75,2009,0.77,U.S.A.,Trinitario,Philippines
121,2.5,2007,0.75,U.S.A.,Trinitario,Mexico
122,3,2007,0.7,U.S.A.,Forastero (Arriba),Ecuador
123,3.25,2015,0.8,Australia,,
124,3.5,2015,0.7,Australia,,Papua New Guinea
125,3,2012,0.7,Australia,Trinitario,Madagascar
126,2.5,2012,0.7,Australia,,Brazil
127,2.5,2012,0.7,Australia,Blend,
128,2.75,2015,0.7,Peru,,Peru
129,3.5,2015,0.7,U.S.A.,,Brazil
130,3.25,2012,0.7,U.S.A.,,Dominican Republic
131,3.75,2012,0.7,U.S.A.,Trinitario,Madagascar
132,2.75,2012,0.8,Wales,,Costa Rica
133,3.5,2016,0.65,U.S.A.,,Domincan Republic
134,3.75,2016,0.7,U.S.A.,,Brazil
135,3,2017,0.73,U.K.,,Malaysia
136,3.25,2017,0.72,U.K.,,Malaysia
137,2.75,2016,0.7,U.S.A.,,Domincan Republic
138,2.75,2010,0.64,Belgium,,Costa Rica
139,2.75,2010,0.64,Belgium,,Papua New Guinea
140,2.75,2010,0.64,Belgium,,Peru
141,3.5,2016,0.7,U.S.A.,"Criollo, Trinitario",Tanzania
142,3.25,2016,0.7,U.S.A.,,Bolivia
143,3.5,2016,0.7,U.S.A.,,Domincan Republic
144,2.75,2016,0.83,Germany,Trinitario,Belize
145,3,2016,0.78,Germany,Trinitario,Belize
146,3.5,2016,0.83,Germany,Trinitario,Belize
147,3.5,2013,0.74,Belgium,Criollo,Venezuela
148,4,2013,0.73,Belgium,Trinitario,Ecuador
149,4,2011,0.72,Belgium,Trinitario,Indonesia
150,3.75,2011,0.72,Belgium,Trinitario,Madagascar
151,2.75,2012,0.55,France,,
152,3,2011,0.64,Switzerland,Trinitario,Madagascar
153,4,2011,0.72,Switzerland,,Ecuador
154,3.25,2010,0.7,Switzerland,Trinitario,Venezuela
155,3.25,2010,0.74,Switzerland,Criollo (Porcelana),Venezuela
156,3.5,2010,0.64,Switzerland,,Indonesia
157,3.5,2010,0.72,Switzerland,,Venezuela
158,2.5,2015,0.76,U.S.A.,,Nicaragua
159,2.5,2015,0.76,U.S.A.,,Costa Rica
160,2.5,2015,0.78,U.S.A.,,Costa Rica
161,3.25,2010,0.75,U.S.A.,,Indonesia
162,3.75,2010,0.7,U.S.A.,Blend,"Dominican Rep., Bali"
163,2.75,2010,0.65,U.S.A.,,Indonesia
164,3,2010,0.78,U.S.A.,Criollo,Venezuela
165,3,2009,0.75,U.S.A.,,Dominican Republic
166,3.5,2009,0.65,U.S.A.,,Dominican Republic
167,3.25,2009,0.75,U.S.A.,Trinitario,Madagascar
168,3,2008,0.71,U.S.A.,Trinitario,Madagascar
169,3.5,2008,0.75,U.S.A.,,Panama
170,3.75,2008,0.68,U.S.A.,,Dominican Republic
171,3,2008,0.7,U.S.A.,Forastero,Ghana
172,2.75,2008,0.7,U.S.A.,,Dominican Republic
173,2.75,2014,0.7,U.K.,Trinitario,Jamaica
174,3.5,2013,0.82,Spain,Forastero,Congo
175,2.75,2009,0.72,Spain,,
176,3.5,2016,0.82,U.S.A.,Trinitario,Madagascar
177,3,2016,0.75,U.S.A.,,Dominican Republic
178,3.5,2012,0.7,U.S.A.,,Guatemala
179,3.75,2012,0.7,U.S.A.,Trinitario,Madagascar
180,3.5,2016,0.75,France,,Mexico
181,4,2014,0.75,France,,Brazil
182,3.25,2014,0.75,France,,Dominican Republic
183,3.75,2014,0.65,France,,"Venez,Africa,Brasil,Peru,Mex"
184,3.5,2013,0.75,France,,Brazil
185,3.25,2013,0.75,France,,Gabon
186,3.5,2011,0.75,France,Trinitario,Cuba
187,3.5,2011,0.75,France,,Peru
188,3.5,2011,0.75,France,Forastero (Nacional),Peru
189,3.75,2011,0.75,France,,Brazil
190,4,2011,0.75,France,,Haiti
191,4,2011,0.75,France,Criollo,Madagascar
192,3.5,2011,0.75,France,,Brazil
193,2.75,2009,0.75,France,Criollo,Peru
194,3,2009,0.75,France,Criollo,Mexico
195,4,2008,0.75,France,Criollo (Porcelana),Venezuela
196,2.5,2007,0.75,France,Forastero (Arriba),Ecuador
197,3.75,2006,0.75,France,Trinitario,Carribean
198,4,2006,0.75,France,Criollo,Venezuela
199,4,2006,0.75,France,Trinitario,Madagascar
200,1.5,2006,1,France,,
201,3,2006,0.75,France,,Sri Lanka
202,4,2006,0.75,France,Trinitario,Venezuela
203,3.25,2009,0.77,Ecuador,Forastero (Arriba),Ecuador
204,1.5,2009,1,Ecuador,Forastero (Arriba),Ecuador
205,2.75,2014,0.7,U.S.A.,Trinitario,Belize
206,2.75,2014,0.7,U.S.A.,,Dominican Republic
207,3.5,2016,0.7,U.S.A.,Criollo,Venezuela
208,3.75,2016,0.7,U.S.A.,,Nicaragua
209,3.75,2015,0.68,U.S.A.,,Dominican Republic
210,3.75,2014,0.7,U.S.A.,Trinitario,Belize
211,4,2014,0.7,U.S.A.,Trinitario,Venezuela
212,3,2013,0.72,U.S.A.,Trinitario,Dominican Republic
213,3.25,2013,0.7,U.S.A.,,Ecuador
214,3.5,2013,0.75,U.S.A.,Forastero,Ghana
215,3.5,2013,0.85,U.S.A.,Trinitario,Venezuela
216,3,2015,0.6,U.S.A.,,Dominican Republic
217,3.25,2015,0.8,U.S.A.,,Dominican Republic
218,3.5,2015,0.7,U.S.A.,,Guatemala
219,3.25,2015,0.8,U.S.A.,Trinitario,Belize
220,3.25,2015,0.6,U.S.A.,,Madagascar
221,3,2013,0.7,U.S.A.,Trinitario,Jamaica
222,3,2014,0.72,Australia,Trinitario,Madagascar
223,3.5,2014,0.72,Australia,,Ecuador
224,2.75,2014,0.68,Australia,Trinitario,Trinidad
225,3.25,2015,0.7,Russia,,Ecuador
226,2.75,2013,0.68,U.S.A.,,Dominican Republic
227,3.25,2014,0.72,U.S.A.,Trinitario,Trinidad
228,3.5,2014,0.72,U.S.A.,,Ecuador
229,3.25,2014,0.72,U.S.A.,Blend,
230,2.5,2015,0.7,Puerto Rico,,Puerto Rico
231,2.5,2014,0.75,U.S.A.,Criollo,Peru
232,2.5,2010,0.75,U.S.A.,,Dominican Republic
233,2.75,2010,0.75,U.S.A.,,Dominican Republic
234,2.25,2010,0.75,U.S.A.,,Venezuela
235,3.5,2016,0.65,France,"Trinitario, Criollo",Haiti
236,3,2010,0.7,France,,Dominican Republic
237,2,2008,0.75,France,,Tanzania
238,2,2007,0.72,France,,Venezuela
239,3,2007,0.66,France,,Mexico
240,3.5,2015,0.77,Venezuela,Trinitario,Venezuela
241,3.25,2014,0.74,Venezuela,,Venezuela
242,3.75,2014,0.7,Venezuela,Trinitario,Venezuela
243,3.25,2015,0.74,Venezuela,,Venezuela
244,3.75,2016,0.74,Colombia,,Colombia
245,3.75,2015,0.72,Colombia,,Colombia
246,3.5,2014,0.64,Colombia,,Colombia
247,3.5,2014,0.7,Colombia,,Colombia
248,2.75,2014,0.69,Colombia,,Colombia
249,3.25,2014,0.7,Colombia,,Colombia
250,3.5,2016,0.7,U.S.A.,Trinitario,Honduras
251,3.75,2012,0.72,U.S.A.,Criollo,Dominican Republic
252,3,2011,0.72,U.S.A.,,Dominican Republic
253,3.75,2011,0.66,U.S.A.,,Dominican Republic
254,3.25,2011,0.65,U.S.A.,,Dominican Republic
255,3.5,2010,0.71,Spain,Trinitario,Madagascar
256,3.75,2010,0.71,Spain,,Ecuador
257,4,2010,0.71,Spain,,Papua New Guinea
258,3.25,2010,0.71,Spain,Trinitario,Grenada
259,3.5,2010,0.71,Spain,,Venezuela
260,3.5,2010,0.77,Spain,,Venezuela
261,4,2009,0.7,Spain,Criollo,Mexico
262,3,2015,0.7,Japan,Trinitario,Madagascar
263,3.25,2015,0.7,Japan,,Peru
264,3.5,2015,0.7,Japan,Trinitario,Vietnam
265,3.25,2013,0.7,Peru,,Peru
266,3.5,2008,0.63,Ecuador,Forastero (Arriba),Ecuador
267,2.5,2008,0.82,Ecuador,Forastero (Arriba),Ecuador
268,1.5,2008,0.91,Ecuador,Forastero (Arriba),Ecuador
269,1,2007,0.7,Belgium,,Ecuador
270,2.5,2014,0.75,Italy,,Cuba
271,3,2014,0.72,Italy,,Dominican Republic
272,3.5,2013,1,Italy,,Ecuador
273,3,2012,0.8,Italy,,Venezuela
274,2.25,2011,0.78,Italy,Forastero,Sao Tome
275,2.5,2011,0.7,Italy,Trinitario,Trinidad
276,2.5,2016,0.75,U.S.A.,Criollo,Venezuela
277,2.75,2016,0.73,U.S.A.,,Tanzania
278,3,2016,0.75,U.S.A.,,Bolivia
279,3.25,2016,0.7,U.S.A.,Trinitario,Brazil
280,2,2008,0.77,Ecuador,Forastero (Arriba),Ecuador
281,2.5,2008,0.77,Ecuador,Forastero (Arriba),Ecuador
282,2.75,2008,0.77,Ecuador,Forastero (Arriba),Ecuador
283,3,2008,0.55,Ecuador,Forastero (Arriba),Ecuador
284,3.5,2008,0.55,Ecuador,Forastero (Arriba),Ecuador
285,3.5,2014,0.7,New Zealand,Trinitario,Papua New Guinea
286,3.5,2015,0.72,Costa Rica,,Costa Rica
287,3,2012,0.72,Costa Rica,Forastero,Costa Rica
288,2.75,2012,0.8,Costa Rica,Forastero,Costa Rica
289,3,2016,0.65,Colombia,Trinitario,Colombia
290,3.25,2016,0.65,Colombia,Trinitario,Colombia
291,3.25,2016,0.65,Colombia,Trinitario,Colombia
292,3.5,2016,0.65,Colombia,Trinitario,Colombia
293,4,2016,0.72,U.S.A.,Trinitario,Belize
294,3.5,2015,0.72,U.S.A.,Trinitario,Honduras
295,3.75,2015,0.7,U.S.A.,"Criollo, Trinitario",Domincan Republic
296,3.5,2015,0.72,U.S.A.,,Venezuela
297,3.5,2014,0.72,U.S.A.,"Criollo, Trinitario",Colombia
298,3.5,2014,0.76,U.S.A.,"Criollo, Trinitario",Colombia
299,2.75,2014,0.7,U.S.A.,Trinitario,Dominican Republic
300,3,2013,0.7,U.S.A.,Trinitario,Bolivia
301,3.5,2013,0.73,U.S.A.,Trinitario,Dominican Republic
302,2.5,2013,0.7,U.S.A.,Criollo,Peru
303,3.25,2013,0.7,U.S.A.,,Venezuela
304,3.25,2013,0.72,U.S.A.,Trinitario,Nicaragua
305,2.75,2013,0.7,U.S.A.,Criollo,Peru
306,3,2013,0.72,U.S.A.,,Venezuela
307,2.5,2014,0.7,U.S.A.,,Ecuador
308,3,2014,0.7,U.S.A.,,Bolivia
309,2.75,2009,0.72,France,,Ecuador
310,2.75,2014,0.7,Canada,Forastero,Uganda
311,3.25,2016,0.7,U.S.A.,,Belize
312,2.75,2010,0.55,Ecuador,Forastero (Arriba),Ecuador
313,3,2008,0.75,Ecuador,Forastero (Arriba),Ecuador
314,3.5,2011,0.7,France,,
315,3.25,2015,0.7,U.K.,,Ecuador
316,3,2014,0.75,Germany,Trinitario,Belize
317,3.25,2014,0.82,Germany,Trinitario,Belize
318,3.5,2015,0.7,South Korea,Trinitario,Malaysia
319,2.5,2015,0.65,U.K.,Criollo,Peru
320,2.75,2015,0.65,U.K.,Criollo,Peru
321,2.5,2015,0.8,U.K.,,Dominican Republic
322,3.75,2011,0.7,U.S.A.,Trinitario,Madagascar
323,3.75,2011,0.68,U.S.A.,,Venezuela
324,2.5,2016,0.9,U.S.A.,,Peru
325,2.5,2016,0.8,U.S.A.,,
326,2.5,2016,0.7,U.S.A.,,Bolivia
327,2.75,2016,0.7,U.S.A.,,Uganda
328,3,2016,0.6,U.S.A.,,Dominican Republic
329,3,2016,0.8,U.S.A.,Criollo (Ocumare),Venezuela
330,3.25,2016,0.7,U.S.A.,,Ecuador
331,2.75,2016,0.8,U.S.A.,,Nicaragua
332,2.75,2014,0.74,U.S.A.,,Peru
333,3.25,2015,0.75,Amsterdam,Trinitario,Dominican Republic
334,3.5,2015,0.68,Amsterdam,Forastero,Congo
335,3.75,2015,0.8,Amsterdam,Criollo,Peru
336,3.75,2015,0.69,Scotland,Forastero (Nacional),Peru
337,3.75,2015,0.8,Scotland,Trinitario,Venezuela
338,3.75,2013,0.7,Scotland,Forastero (Nacional),Peru
339,2.75,2012,0.68,Scotland,Criollo,Peru
340,3.25,2012,0.72,Scotland,Criollo,Madagascar
341,2.5,2014,0.7,Canada,Criollo,Mexico
342,3.25,2011,0.65,Canada,,Mexico
343,3.5,2010,0.71,Spain,Trinitario,Madagascar
344,3.25,2009,0.6,Spain,,
345,3.25,2009,0.75,Spain,,
346,3.5,2008,0.71,Spain,Criollo,Venezuela
347,2.5,2007,0.71,Spain,Forastero (Arriba),Ecuador
348,2.5,2007,0.71,Spain,Trinitario,Grenada
349,2.5,2015,0.65,U.S.A.,Trinitario,Mexico
350,2.5,2015,0.75,U.S.A.,Trinitario,Mexico
351,2.5,2009,0.8,Canada,Criollo,Venezuela
352,3,2009,0.7,Canada,,Brazil
353,3,2009,0.8,Canada,,Brazil
354,3,2009,0.7,Canada,Criollo,Venezuela
355,2.75,2013,0.42,Martinique,,Martinique
356,3.75,2011,0.68,Canada,Forastero (Nacional),Peru
357,3,2009,0.61,U.S.A.,Criollo,Venezuela
358,2.75,2010,0.77,U.S.A.,Trinitario,Venezuela
359,3.75,2010,0.735,Sao Tome,Forastero,Sao Tome & Principe
360,3,2008,0.8,Sao Tome,Forastero,Sao Tome & Principe
361,4,2008,0.75,Sao Tome,Forastero,Sao Tome & Principe
362,1,2008,1,Sao Tome,Forastero,Sao Tome & Principe
363,3.5,2015,0.73,U.S.A.,,Ecuador
364,3,2015,0.75,U.S.A.,Trinitario,Madagascar
365,3.25,2010,0.7,Argentina,,Venezuela
366,2.75,2008,0.8,Argentina,Trinitario,Venezuela
367,3.25,2008,0.72,Argentina,,Bolivia
368,3.75,2008,0.7,Argentina,Criollo,Venezuela
369,2.75,2008,0.88,Argentina,Forastero (Nacional),Ecuador
370,3.5,2015,0.76,U.S.A.,,Ecuador
371,3.25,2013,0.65,Germany,Forastero (Nacional),Ecuador
372,3.5,2012,0.85,Germany,Forastero,Ghana
373,1.5,2012,1,Germany,,Ecuador
374,3.75,2012,0.72,Germany,Forastero,Sao Tome & Principe
375,3.5,2012,0.7,Germany,Trinitario,Madagascar
376,3.25,2010,0.72,Germany,Trinitario,Grenada
377,3,2010,0.7,Germany,Trinitario,Venezuela
378,3.25,2009,0.62,Germany,Criollo,Peru
379,3.5,2009,0.7,Germany,"Criollo, Trinitario",Venezuela
380,3.75,2009,0.7,Germany,"Criollo, Trinitario",Venezuela
381,3,2008,0.72,Germany,Criollo (Porcelana),Venezuela
382,3,2007,0.72,Germany,Trinitario,Madagascar
383,1,2006,0.7,Belgium,,
384,2.5,2014,0.7,Australia,Forastero,Papua New Guinea
385,3.25,2012,0.75,Australia,Forastero,Tanzania
386,3.25,2012,0.65,Australia,Trinitario,Brazil
387,3.25,2012,0.67,Australia,Trinitario,Fiji
388,3.25,2012,0.64,Australia,Trinitario,Vanuatu
389,3.25,2016,0.85,U.S.A.,Forastero (Nacional),Ecuador
390,2.75,2015,0.7,Australia,,Australia
391,2.75,2017,0.72,U.S.A.,,Dominican Republic
392,2.25,2015,0.7,U.K.,,Grenada
393,2.75,2015,0.7,U.K.,,Nicaragua
394,3.75,2016,0.7,U.S.A.,,
395,3,2015,0.7,U.S.A.,Trinitario,Belize
396,3.5,2014,0.7,U.S.A.,Trinitario,Belize
397,3.5,2014,0.7,U.S.A.,,Ecuador
398,2.75,2014,0.7,U.S.A.,,Liberia
399,3.75,2014,0.7,U.S.A.,,Dominican Republic
400,2.75,2013,0.7,U.S.A.,,Venezuela
401,3.5,2013,0.7,U.S.A.,,Venezuela
402,3.5,2013,0.7,U.S.A.,,Papua New Guinea
403,3,2012,0.7,U.S.A.,,Costa Rica
404,3.25,2012,0.7,U.S.A.,,Colombia
405,3.75,2012,0.7,U.S.A.,,Dominican Republic
406,3.25,2011,0.7,U.S.A.,,Dominican Republic
407,3.25,2011,0.7,U.S.A.,Trinitario,Madagascar
408,3.25,2011,0.7,U.S.A.,,Tanzania
409,3.25,2014,0.82,Guatemala,,Guatemala
410,3.75,2012,0.7,Guatemala,,Guatemala
411,3.75,2012,0.7,Guatemala,Trinitario,Madagascar
412,4,2012,0.7,Guatemala,Criollo,Guatemala
413,3.25,2012,0.7,Guatemala,,Guatemala
414,3.5,2011,0.6,Guatemala,,Guatemala
415,3,2009,0.75,Guatemala,Criollo,Guatemala
416,3.25,2009,0.6,Guatemala,Criollo,Guatemala
417,3,2016,0.72,U.S.A.,Trinitario,Vietnam
418,3.25,2016,0.7,U.S.A.,,"Ecuador, Costa Rica"
419,3.25,2016,0.75,U.S.A.,,Bolivia
420,3,2015,0.7,U.S.A.,Trinitario,Madagascar
421,3.25,2015,0.7,U.S.A.,,Venezuela
422,3,2015,0.7,U.S.A.,,Tanzania
423,3.25,2015,0.7,U.S.A.,,Ecuador
424,2.75,2013,0.7,U.S.A.,,Dominican Republic
425,2.75,2013,0.7,U.S.A.,,Venezuela
426,3.5,2015,0.72,Brazil,,Brazil
427,3.5,2015,0.65,Brazil,,Brazil
428,3,2016,0.7,South Africa,,Madagascar
429,2.5,2007,0.66,U.S.A.,Trinitario,Madagascar
430,3,2007,0.64,U.S.A.,,Costa Rica
431,3,2007,0.6,U.S.A.,Forastero,Ghana
432,3,2007,0.64,U.S.A.,,Peru
433,3,2009,0.64,France,,Papua New Guinea
434,3.75,2008,0.66,France,,Venezuela
435,2.5,2016,0.72,Canada,,Tanzania
436,2.75,2008,0.8,U.S.A.,,Bolivia
437,3.5,2007,0.77,U.S.A.,,Dominican Republic
438,3.75,2017,0.7,U.S.A.,,Guatemala
439,3.75,2015,0.7,U.S.A.,,Bolivia
440,3.25,2013,0.7,U.S.A.,,Ecuador
441,3.5,2013,0.76,U.S.A.,,Ecuador
442,2.75,2012,0.75,U.S.A.,,Bolivia
443,2.75,2012,0.72,U.S.A.,Trinitario,Belize
444,3,2011,0.72,U.S.A.,Trinitario,Madagascar
445,2.75,2011,0.75,U.S.A.,Criollo,Venezuela
446,3,2011,0.74,U.S.A.,,Dominican Republic
447,3,2015,0.85,U.K.,,Venezuela
448,3.25,2014,0.72,U.K.,,Panama
449,3.25,2014,0.72,U.K.,Trinitario,Venezuela
450,3.5,2014,0.72,U.K.,"Criollo, Trinitario",Nicaragua
451,3.75,2009,0.7,U.S.A.,,Hawaii
452,3.75,2015,0.7,Italy,,Ecuador
453,3,2013,1,Italy,Criollo,Venezuela
454,3.5,2012,0.7,Italy,,Tanzania
455,3.75,2012,0.7,Italy,Criollo,Venezuela
456,3.5,2011,0.7,Italy,Criollo,Venezuela
457,3,2010,0.7,Italy,Trinitario,Venezuela
458,3,2008,0.7,Italy,Trinitario,Venezuela
459,3.5,2008,0.78,Italy,Blend,
460,3.75,2008,0.7,Italy,Blend,
461,4,2007,0.7,Italy,Criollo (Porcelana),Venezuela
462,3.25,2007,0.75,Italy,Criollo (Ocumare 61),Venezuela
463,3.25,2007,0.6,Italy,Trinitario,Venezuela
464,3.5,2007,0.7,Italy,Trinitario,Madagascar
465,3.5,2007,0.7,Italy,Criollo,Madagascar
466,3.75,2007,0.7,Italy,Criollo,Indonesia
467,4,2007,0.7,Italy,Forastero (Arriba),Ecuador
468,4,2007,0.7,Italy,Criollo (Ocumare 67),Venezuela
469,3,2006,0.7,Italy,Trinitario,Venezuela
470,3.25,2006,0.7,Italy,Trinitario,Peru
471,3.5,2006,0.7,Italy,Trinitario,Venezuela
472,2.5,2015,0.7,U.K.,Trinitario,Venezuela
473,2.75,2015,0.8,U.K.,"Criollo, Trinitario",Colombia
474,4,2015,0.7,U.K.,Criollo,Guatemala
475,3.5,2014,0.7,U.K.,Criollo,Nicaragua
476,3.75,2014,0.76,U.K.,Criollo,Nicaragua
477,3.75,2012,0.72,U.K.,,Venezuela
478,3.75,2011,0.72,U.K.,Criollo,Honduras
479,3.5,2011,0.65,U.K.,,Dominican Republic
480,3.5,2011,0.71,U.K.,,Venezuela
481,3.5,2010,0.7,U.K.,,Panama
482,3.75,2010,0.72,U.K.,,Ecuador
483,3.75,2010,0.7,U.K.,,Peru
484,3.25,2015,0.7,U.S.A.,,Dominican Republic
485,2.75,2012,0.82,France,Trinitario,Madagascar
486,3.25,2015,0.7,U.S.A.,,Domincan Republic
487,3.25,2015,0.7,U.S.A.,Trinitario,Venezuela
488,4,2015,0.7,U.S.A.,,Ecuador
489,3.5,2014,0.7,Canada,Trinitario,Madagascar
490,3.75,2014,0.7,Canada,,Dominican Republic
491,3.25,2016,0.7,Canada,,Colombia
492,2.75,2012,0.72,U.S.A.,Forastero (Nacional),Peru
493,3.75,2011,0.75,Bolivia,,Bolivia
494,3.75,2015,0.7,Venezuela,,Venezuela
495,2.75,2009,0.605,Venezuela,Trinitario,Venezuela
496,3,2009,0.7,Venezuela,Trinitario,Venezuela
497,2.5,2008,0.74,Venezuela,Criollo,Venezuela
498,2.5,2008,0.58,Venezuela,Criollo,Venezuela
499,3,2008,0.61,Venezuela,Criollo,Venezuela
500,3,2015,0.79,Japan,,Venezuela
501,3.5,2015,0.78,Japan,Criollo,Peru
502,3.25,2016,0.75,U.S.A.,,Honduras
503,3.25,2010,0.8,Spain,Forastero,Sao Tome & Principe
504,3.25,2014,0.7,France,Trinitario,Vietnam
505,3,2014,0.8,France,Trinitario,Vietnam
506,3.25,2014,0.74,France,Trinitario,Vietnam
507,2,2009,0.65,U.S.A.,,Costa Rica
508,3.5,2009,0.81,U.S.A.,Criollo,Venezuela
509,2.75,2009,0.74,U.S.A.,,"Cost Rica, Ven"
510,3,2008,0.72,U.S.A.,Criollo,Venezuela
511,2.5,2011,0.55,U.S.A.,,"Peru, Madagascar"
512,2.5,2011,0.7,U.S.A.,Criollo (Porcelana),Venezuela
513,2.75,2011,0.62,U.S.A.,,
514,2.5,2011,0.62,U.S.A.,,"Venezuela, Trinidad"
515,3.5,2014,0.8,U.S.A.,,Ecuador
516,3.75,2014,0.8,U.S.A.,,Dominican Republic
517,2.75,2010,0.75,U.S.A.,,Brazil
518,3,2016,0.76,Portugal,,Jamaica
519,2.5,2016,0.76,Portugal,,Venezuela
520,2.75,2016,0.76,Portugal,Trinitario,Belize
521,3.5,2010,0.58,Switzerland,Trinitario,Grenada
522,2,2006,0.62,Switzerland,,
523,3,2006,0.64,Switzerland,Criollo,Madagascar
524,3.5,2006,0.72,Switzerland,Forastero (Arriba),Ecuador
525,4,2006,0.68,Switzerland,Criollo (Wild),Bolivia
526,2.25,2014,0.65,U.S.A.,,Puerto Rico
527,3,2014,0.8,U.S.A.,,Dominican Republic
528,3.25,2014,0.7,U.S.A.,,Dominican Republic
529,2.5,2014,0.85,U.S.A.,,Dominican Republic
530,2.75,2014,0.72,U.K.,Criollo,Peru
531,2.75,2016,0.7,Puerto Rico,,Domincan Republic
532,2.75,2016,0.7,Singapore,,Madagascar
533,3.5,2016,0.75,Singapore,,Ecuador
534,3.5,2014,0.7,Venezuela,,Venezuela
535,3.75,2014,0.7,Venezuela,,Venezuela
536,3.75,2012,0.7,Venezuela,,Venezuela
537,3.5,2012,0.6,Venezuela,,Venezuela
538,3,2015,0.8,Belgium,Trinitario,Vietnam
539,3.5,2014,0.6,Belgium,Forastero,Ghana
540,3.5,2014,0.65,Belgium,Trinitario,Madagascar
541,3.5,2017,0.7,U.S.A.,,Peru
542,3.25,2014,0.68,U.S.A.,,Nicaragua
543,3.5,2013,0.66,U.S.A.,,Peru
544,2.5,2012,0.7,U.S.A.,Criollo,Peru
545,3.5,2012,0.61,U.S.A.,,Peru
546,2,2012,0.81,U.S.A.,,Peru
547,3.5,2011,0.7,U.S.A.,Forastero (Nacional),Peru
548,3.5,2011,0.65,U.S.A.,,Dominican Republic
549,3.5,2014,0.7,U.S.A.,Forastero (Nacional),Peru
550,3.5,2014,0.7,U.S.A.,Forastero (Nacional),Peru
551,3.25,2013,0.72,U.S.A.,,Dominican Republic
552,3.75,2013,0.72,U.S.A.,,Dominican Republic
553,4,2013,0.7,U.S.A.,Trinitario,Peru
554,3.5,2012,0.69,U.S.A.,,Papua New Guinea
555,4,2012,0.74,U.S.A.,Trinitario,Madagascar
556,4,2012,0.69,U.S.A.,Trinitario,Papua New Guinea
557,3,2012,0.69,U.S.A.,Trinitario,Papua New Guinea
558,2.75,2011,0.74,U.S.A.,Forastero,Ghana
559,3.25,2011,0.7,U.S.A.,Trinitario,Jamaica
560,3.5,2011,0.72,U.S.A.,,Dominican Republic
561,3.5,2011,0.7,U.S.A.,Trinitario,Jamaica
562,2.75,2011,0.74,U.S.A.,Trinitario,Madagascar
563,3,2011,0.74,U.S.A.,Trinitario,Madagascar
564,3.25,2011,0.76,U.S.A.,Trinitario,Venezuela
565,4,2011,0.7,U.S.A.,Trinitario,Venezuela
566,2.75,2009,0.8,U.S.A.,Trinitario,Jamaica
567,3,2009,0.7,U.S.A.,Trinitario,Jamaica
568,3.25,2009,0.7,U.S.A.,Trinitario,Jamaica
569,3.5,2009,0.65,U.S.A.,Criollo,Venezuela
570,3,2015,0.6,Denmark,,Nicaragua
571,3.25,2015,0.85,Denmark,,Nicaragua
572,3.25,2012,0.7,Denmark,"Criollo, Trinitario",Honduras
573,3.25,2012,0.7,Denmark,"Criollo, Trinitario",Nicaragua
574,3.75,2012,0.7,Denmark,,Nicaragua
575,3.25,2011,0.7,Denmark,"Criollo, Trinitario",Nicaragua
576,3.5,2011,0.7,Denmark,"Criollo, Trinitario",Nicaragua
577,3.5,2011,0.7,Denmark,"Criollo, Trinitario",Nicaragua
578,3.75,2016,0.74,U.S.A.,Beniano,Bolivia
579,4,2016,0.74,U.S.A.,Amazon mix,Costa Rica
580,3.75,2014,0.7,U.S.A.,Trinitario,Trinidad
581,3.75,2013,0.7,U.S.A.,,Dominican Republic
582,2.5,2012,0.7,U.S.A.,,Peru
583,3,2011,0.7,U.S.A.,,Costa Rica
584,2.5,2014,0.85,U.S.A.,Blend,Hawaii
585,3.25,2015,0.65,Germany,Trinitario,Madagascar
586,4,2015,0.7,Germany,Forastero,Ghana
587,3.5,2015,0.7,Germany,Trinitario,Domincan Republic
588,3.5,2015,0.8,Germany,Trinitario,Domincan Republic
589,3.5,2015,0.75,Germany,Trinitario,Madagascar
590,3.5,2016,0.7,U.S.A.,,Belize
591,3,2015,0.66,U.S.A.,"Trinitario, Forastero",Brazil
592,2.75,2016,0.77,U.S.A.,,Mexico
593,3.25,2016,0.77,U.S.A.,,Nicaragua
594,3.25,2016,0.77,U.S.A.,,Guatemala
595,3,2011,0.72,Vietnam,Trinitario,Vietnam
596,2.5,2006,0.7,U.K.,,
597,3.5,2016,0.7,Japan,,Madagascar
598,3.25,2010,0.82,Grenada,Trinitario,Grenada
599,2.75,2009,0.6,Grenada,Trinitario,Grenada
600,2.5,2008,0.71,Grenada,Trinitario,Grenada
601,3,2009,0.64,Italy,Forastero (Arriba) ASS,Ecuador
602,3,2009,0.64,Italy,Forastero,Ghana
603,3,2009,0.76,Italy,,Venezuela
604,3.25,2009,0.64,Italy,,"Ven, Trinidad, Ecuador"
605,3.75,2015,0.7,U.S.A.,,
606,2.75,2013,0.65,U.S.A.,,Haiti
607,3.25,2013,0.65,U.S.A.,Trinitario,Jamaica
608,3.5,2013,0.65,U.S.A.,,Ecuador
609,3.25,2011,0.61,U.S.A.,,
610,3,2010,0.65,U.S.A.,Trinitario,Trinidad
611,3,2009,0.55,U.S.A.,,Hawaii
612,3,2009,0.91,U.S.A.,,
613,3.5,2009,0.7,U.S.A.,Blend,
614,3,2008,0.65,U.S.A.,,Peru
615,3,2008,0.64,U.S.A.,,
616,3.5,2008,0.65,U.S.A.,,Venezuela
617,3,2006,0.65,U.S.A.,Trinitario,Colombia
618,3.5,2006,0.65,U.S.A.,"Criollo, +",Madagascar
619,3.5,2006,0.65,U.S.A.,Forastero (Arriba),Ecuador
620,3.5,2006,0.61,U.S.A.,Blend,
621,3,2006,0.61,U.S.A.,Blend,
622,2.75,2014,0.8,Canada,,Papua New Guinea
623,2.75,2014,0.74,Canada,,
624,2.75,2014,0.65,Canada,,
625,3,2014,0.7,Canada,,
626,3,2014,0.8,Canada,,
627,2,2014,1,Canada,,
628,2.5,2007,0.77,Germany,Forastero (Arriba),Ecuador
629,2.75,2014,0.55,Ecuador,Trinitario,Ecuador
630,3,2014,0.7,Ecuador,Trinitario,Ecuador
631,3,2011,0.7,Australia,,"South America, Africa"
632,3.25,2016,0.85,U.S.A.,,Brazil
633,3,2015,0.67,U.S.A.,,Brazil
634,3.5,2015,0.77,U.S.A.,,Brazil
635,3.5,2015,0.74,U.S.A.,,Brazil
636,3.25,2016,0.7,U.S.A.,Amazon,Belize
637,3.5,2014,0.67,U.S.A.,"Amazon, ICS",Bolivia
638,3,2014,0.67,U.S.A.,Beniano,Bolivia
639,3.75,2014,0.67,U.S.A.,,Hawaii
640,3.5,2016,0.72,U.S.A.,,Hawaii
641,3.5,2016,0.77,U.S.A.,EET,Ecuador
642,3.75,2016,0.68,U.S.A.,"Amazon, ICS",Bolivia
643,4,2016,0.72,U.S.A.,Beniano,Bolivia
644,2.75,2015,0.57,U.S.A.,Forastero,Uganda
645,3.5,2015,0.74,U.S.A.,Criollo,Venezuela
646,2.75,2015,0.7,U.S.A.,,Tanzania
647,3,2015,0.74,U.S.A.,Trinitario,Madagascar
648,3,2015,0.7,U.S.A.,,Venezuela
649,3.25,2015,0.73,U.S.A.,,Ecuador
650,2.75,2016,0.7,New Zealand,Trinitario,Madagascar
651,2.75,2016,0.72,New Zealand,Trinitario,Venezuela
652,3.25,2016,0.75,New Zealand,Trinitario,Domincan Republic
653,3.5,2016,0.66,New Zealand,Criollo,Peru
654,2,2009,0.8,Ecuador,Forastero (Arriba) ASS,Ecuador
655,2.5,2009,0.8,Ecuador,Forastero (Arriba) ASS,Ecuador
656,3.25,2009,0.58,Ecuador,Forastero (Arriba) ASS,Ecuador
657,3.5,2009,0.58,Ecuador,Forastero (Arriba) ASS,Ecuador
658,2.75,2016,0.7,Israel,,Peru
659,3.5,2015,0.7,Israel,,Ecuador
660,3.5,2015,0.7,Israel,Trinitario,Madagascar
661,3.5,2015,0.7,Israel,Trinitario,Trinidad
662,2.75,2009,0.7,Israel,,Dominican Republic
663,3.5,2009,0.7,Israel,,Peru
664,3.75,2009,0.75,Israel,,Dominican Republic
665,2.5,2014,0.72,South Africa,,Ecuador
666,4,2013,0.7,U.K.,Trinitario,St. Lucia
667,1.75,2013,1,U.K.,Trinitario,St. Lucia
668,3,2013,0.75,U.K.,Trinitario,Trinidad
669,3,2013,0.9,U.K.,Forastero (Nacional),Ecuador
670,3,2013,0.72,U.K.,Trinitario,Madagascar
671,3.5,2013,0.82,U.K.,Forastero (Nacional),Ecuador
672,2.75,2013,1,U.K.,,Peru
673,2.5,2013,1,U.K.,Forastero (Nacional),Ecuador
674,2.75,2013,1,U.K.,,Dominican Republic
675,3.5,2012,0.66,U.K.,"Trinitario, Criollo",Madagascar
676,3,2011,0.8,U.K.,Forastero (Nacional),Ecuador
677,3.25,2011,0.65,U.K.,Trinitario,St. Lucia
678,2.75,2010,0.7,U.K.,,Ecuador
679,3,2010,0.7,U.K.,,Dominican Republic
680,3,2008,0.72,U.K.,,St. Lucia
681,2.5,2008,0.8,U.K.,Forastero,Uganda
682,3,2008,0.72,U.K.,Forastero,Sao Tome
683,3.5,2015,0.7,Canada,Trinitario,Vietnam
684,3,2014,0.7,Canada,"Criollo, Trinitario",Bolivia
685,3,2014,0.7,Canada,Trinitario,Nicaragua
686,3.75,2014,0.7,Canada,Trinitario,Dominican Republic
687,3.5,2014,0.7,Canada,,Dominican Republic
688,3.25,2013,0.7,Canada,"Trinitario, Criollo",Venezuela
689,3.75,2013,0.7,Canada,Forastero,Venezuela
690,3.75,2013,0.72,Switzerland,Trinitario,Venezuela
691,3.75,2011,0.72,Switzerland,Criollo,Venezuela
692,4,2011,0.74,Switzerland,Criollo,Venezuela
693,3.5,2011,0.72,Switzerland,Criollo,Venezuela
694,4,2011,0.7,Switzerland,Trinitario,Venezuela
695,4,2011,0.72,Switzerland,Criollo,Venezuela
696,2.5,2016,0.61,India,,India
697,3.25,2012,0.7,U.S.A.,,Dominican Republic
698,2.75,2012,0.7,U.S.A.,,Dominican Republic
699,3,2014,0.77,U.S.A.,,Honduras
700,2.75,2012,0.72,Scotland,Criollo,Peru
701,2.25,2014,0.72,U.S.A.,,Peru
702,3.25,2014,0.72,U.S.A.,Trinitario,Belize
703,3.5,2015,0.7,U.S.A.,Trinitario,Belize
704,2,2006,0.71,U.S.A.,Trinitario,Ghana
705,2.75,2015,0.63,Czech Republic,Trinitario,Madagascar
706,3.5,2014,0.7,U.S.A.,Trinitario,Belize
707,3.5,2014,0.7,U.S.A.,Trinitario,Madagascar
708,4,2014,0.7,U.S.A.,,Peru
709,3.5,2013,0.7,Domincan Republic,,Dominican Republic
710,3,2013,0.82,Domincan Republic,,Dominican Republic
711,3.25,2013,0.55,Domincan Republic,,Dominican Republic
712,3.25,2013,0.62,Domincan Republic,,Dominican Republic
713,2.5,2012,0.64,Germany,,Peru
714,3.75,2009,0.65,Germany,Trinitario,Vanuatu
715,3,2008,0.7,Ecuador,,Ecuador
716,3.5,2008,0.7,Ecuador,,Ecuador
717,2.75,2008,0.75,Ecuador,,Ecuador
718,2.5,2008,0.85,Ecuador,,Ecuador
719,2.75,2008,0.85,Ecuador,,Ecuador
720,3,2008,0.85,Ecuador,,Ecuador
721,2.5,2008,0.75,Ecuador,,Ecuador
722,3,2008,0.85,Ecuador,,Ecuador
723,2.75,2009,0.7,France,,
724,2.75,2009,0.8,France,,Ecuador
725,3.75,2013,0.7,U.S.A.,,Dominican Republic
726,2,2009,0.72,Mexico,,Mexico
727,3,2014,0.6,U.S.A.,Trinitario,Dominican Republic
728,2.5,2014,0.72,U.S.A.,,Peru
729,2.75,2014,0.72,U.S.A.,,Venezuela
730,3.25,2014,0.72,U.S.A.,Trinitario,Madagascar
731,3.25,2014,0.9,U.S.A.,Trinitario,Belize
732,3.25,2014,0.72,U.S.A.,,Dominican Republic
733,3.25,2014,0.72,U.S.A.,,Dominican Republic
734,3.25,2016,0.7,U.S.A.,,Haiti
735,2.75,2016,0.7,U.S.A.,Forastero (Nacional),Peru
736,3.75,2016,0.7,U.S.A.,,Ecuador
737,3.75,2016,0.7,U.S.A.,Forastero,Brazil
738,2.5,2014,0.725,U.S.A.,Forastero,Uganda
739,3,2014,0.725,U.S.A.,,Dominican Republic
740,2.5,2014,0.725,U.S.A.,,Ecuador
741,3,2014,0.725,U.S.A.,Trinitario,Madagascar
742,3.25,2012,0.74,U.S.A.,,Peru
743,3.75,2011,0.74,U.S.A.,,Ecuador
744,3.25,2010,0.75,U.S.A.,Trinitario,Grenada
745,3,2010,0.71,U.S.A.,,Venezuela
746,3.5,2009,0.64,U.S.A.,Trinitario,Madagascar
747,3,2009,0.68,U.S.A.,,Bolivia
748,2.25,2016,0.7,Japan,"Trinitario, Criollo",Peru
749,3,2016,0.7,Japan,Criollo,Peru
750,3,2016,0.7,Japan,"Trinitario, Criollo",Belize
751,3.25,2013,0.56,France,,Ecuador
752,3.5,2012,0.66,France,,Dominican Republic
753,3.5,2011,0.68,France,Trinitario,Grenada
754,3.25,2009,0.68,France,Forastero,Ghana
755,3.75,2009,0.6,France,,
756,3.5,2008,0.74,France,Blend,"Ven., Indonesia, Ecuad."
757,2.5,2011,0.72,Peru,,Peru
758,3.25,2011,0.6,Ecuador,,Ecuador
759,2.75,2015,0.75,France,Trinitario,Madagascar
760,3,2015,0.75,France,,Ivory Coast
761,3.5,2015,0.75,France,Forastero,Sao Tome
762,3.25,2015,0.75,France,,Brazil
763,3.75,2015,0.75,France,Trinitario,Vietnam
764,2.75,2014,0.7,France,,Cuba
765,2.75,2014,0.68,France,,Trinidad-Tobago
766,2.5,2009,0.75,U.S.A.,,Tanzania
767,3.5,2016,0.8,U.S.A.,Trinitario,Nicaragua
768,3,2012,0.72,U.S.A.,Criollo,"Peru, Ecuador, Venezuela"
769,3.5,2017,0.7,U.S.A.,,Honduras
770,3.25,2016,0.7,U.S.A.,,Liberia
771,3.25,2015,0.7,U.S.A.,,Bolivia
772,3.5,2015,0.7,U.S.A.,Trinitario,Trinidad
773,3,2015,0.7,U.S.A.,,Costa Rica
774,3.25,2015,0.7,U.S.A.,,Domincan Republic
775,3.5,2015,0.7,U.S.A.,,Tanzania
776,3.5,2014,0.7,U.S.A.,Forastero (Nacional),Peru
777,3.5,2014,0.71,Finland,Criollo,Madagascar
778,3,2016,0.7,Finland,Trinitario,Madagascar
779,3.5,2012,0.65,U.S.A.,Criollo,Peru
780,3.5,2012,0.68,U.S.A.,Criollo,Bolivia
781,3.75,2012,0.68,U.S.A.,,Peru
782,2.75,2012,0.75,U.S.A.,,"Venezuela, Dom. Rep."
783,3,2012,0.74,U.S.A.,,Dominican Republic
784,3.5,2012,0.68,U.S.A.,Criollo,Bolivia
785,3,2007,0.85,Switzerland,,
786,2.5,2013,0.65,Puerto Rico,,Puerto Rico
787,3.75,2014,0.7,U.S.A.,,Hawaii
788,3.25,2014,0.65,U.S.A.,,Hawaii
789,3.75,2014,0.75,U.S.A.,,Hawaii
790,3,2013,0.72,U.S.A.,,Hawaii
791,2,2015,0.75,U.S.A.,,Nicaragua
792,1.5,2011,0.7,Peru,,Peru
793,2.25,2010,0.55,Peru,,Peru
794,3.5,2008,0.67,Madagascar,Trinitario,Madagascar
795,3.75,2008,0.7,Madagascar,Trinitario,Madagascar
796,4,2008,0.63,Madagascar,Trinitario,Madagascar
797,3.5,2008,0.75,Madagascar,Trinitario,Madagascar
798,3.5,2017,0.73,U.S.A.,,Solomon Islands
799,2.75,2013,0.7,U.S.A.,,Puerto Rico
800,3.5,2013,0.7,U.S.A.,,Brazil
801,2.75,2013,0.7,U.S.A.,,Hawaii
802,2.75,2013,0.7,U.S.A.,,Mexico
803,3.25,2012,0.7,U.S.A.,,Hawaii
804,3.25,2012,0.7,U.S.A.,Criollo,Hawaii
805,3.5,2012,0.7,U.S.A.,,Hawaii
806,2.5,2011,0.7,U.S.A.,,Dominican Republic
807,2.75,2011,0.7,U.S.A.,,Costa Rica
808,2.75,2010,0.72,U.S.A.,,Mexico
809,3,2008,0.7,Italy,Forastero (Nacional),Ecuador
810,3.25,2008,0.7,Italy,Criollo,Cuba
811,3.75,2008,0.7,Italy,"Blend-Forastero,Criollo",Dominican Republic
812,2,2010,0.7,Italy,,Ecuador
813,3.5,2007,0.73,Madagascar,Trinitario,Madagascar
814,2.75,2009,0.55,U.S.A.,Blend,Hawaii
815,3,2016,0.7,Sweden,,Venezuela
816,2.5,2014,0.74,U.S.A.,,Peru
817,2.75,2014,0.74,U.S.A.,,Venezuela
818,3.75,2012,0.74,U.S.A.,,Dominican Republic
819,3.5,2015,0.72,U.S.A.,,Papua New Guinea
820,3.75,2013,0.72,U.S.A.,,Hawaii
821,3.25,2012,0.72,U.S.A.,,Liberia
822,2.75,2012,0.72,U.S.A.,,Hawaii
823,3,2012,0.72,U.S.A.,,Peru
824,3.25,2012,0.72,U.S.A.,,Hawaii
825,3.5,2016,0.7,Poland,,Peru
826,3.75,2014,0.7,Poland,Criollo,Venezuela
827,3.5,2014,0.85,Poland,,Colombia
828,3.25,2012,0.7,Poland,,Dominican Republic
829,3.5,2012,0.7,Poland,Forastero,Ghana
830,3.25,2012,0.7,Poland,,Ecuador
831,3.25,2016,0.75,U.S.A.,Trinitario,Vietnam
832,3.5,2015,0.7,U.S.A.,"Criollo, Trinitario",Dominican Republic
833,3.5,2015,0.7,U.S.A.,Trinitario,Ecuador
834,2.75,2015,0.7,U.S.A.,Trinitario,Trinidad
835,3.5,2015,0.7,U.S.A.,,Nicaragua
836,3.5,2015,0.68,U.S.A.,Criollo,Peru
837,2.75,2015,0.75,U.S.A.,,Colombia
838,3.5,2015,0.78,U.S.A.,,Honduras
839,3,2016,0.7,Peru,,Peru
840,3,2016,0.7,Peru,,Peru
841,3.25,2016,0.75,Canada,,
842,3.25,2015,0.85,Vietnam,Trinitario,Vietnam
843,3.5,2015,0.68,Vietnam,Trinitario,Vietnam
844,3.75,2015,0.7,Vietnam,Trinitario,Vietnam
845,3.5,2013,0.75,Vietnam,Trinitario,Vietnam
846,3.5,2012,0.72,Vietnam,Trinitario,Vietnam
847,3.5,2012,0.7,Vietnam,Trinitario,Vietnam
848,3,2012,0.8,Vietnam,Trinitario,Vietnam
849,3.5,2012,0.74,Vietnam,Trinitario,Vietnam
850,3,2010,0.65,U.S.A.,,Costa Rica
851,3,2010,0.65,U.S.A.,,Ivory Coast
852,3.25,2010,0.65,U.S.A.,,Nigeria
853,2.25,2013,0.74,U.S.A.,,Dominican Republic
854,2.5,2013,0.89,U.S.A.,,Dominican Republic
855,2.75,2016,0.76,Austria,,Bolivia
856,3,2016,0.82,Austria,,Haiti
857,3.25,2016,0.74,Austria,,Colombia
858,3,2015,0.76,U.S.A.,,Guatemala
859,3.25,2015,0.74,U.S.A.,,Tanzania
860,3.75,2014,0.75,U.S.A.,Blend,"Peru, Belize"
861,3.5,2012,0.73,U.S.A.,Blend,"Peru, Mad., Dom. Rep."
862,2.5,2012,0.72,U.S.A.,Trinitario,
863,2.75,2012,0.73,U.S.A.,Trinitario,Venezuela
864,3,2011,0.7,U.S.A.,Trinitario,Venezuela
865,2.75,2011,0.71,U.S.A.,,Papua New Guinea
866,3.25,2011,0.73,U.S.A.,,Dominican Republic
867,3.75,2011,0.74,U.S.A.,,Dominican Republic
868,2.75,2010,0.81,U.S.A.,Criollo,Venezuela
869,3,2010,0.75,U.S.A.,,Venezuela
870,3.25,2010,0.7,U.S.A.,,Dominican Republic
871,3.5,2013,0.72,Australia,Trinitario,Vanuatu
872,4,2013,0.74,Australia,Trinitario,Papua New Guinea
873,3.75,2013,0.7,Australia,Trinitario,"PNG, Vanuatu, Mad"
874,3.25,2014,0.7,U.S.A.,Trinitario,Belize
875,3.25,2014,0.7,U.S.A.,,Dominican Republic
876,3.25,2014,0.82,U.S.A.,Criollo,Peru
877,3.5,2014,0.63,U.S.A.,Criollo,Peru
878,3,2016,0.72,U.S.A.,,Domincan Republic
879,2.5,2014,0.7,U.S.A.,,Bolivia
880,2.75,2014,0.7,U.S.A.,,Venezuela
881,3,2014,0.7,U.S.A.,,Nicaragua
882,3.5,2014,0.7,U.S.A.,,Dominican Republic
883,2.5,2012,0.8,Madagascar,Trinitario,Madagascar
884,2.5,2012,0.72,Madagascar,Trinitario,Madagascar
885,2.75,2015,0.8,Honduras,,El Salvador
886,3,2015,0.7,Honduras,,El Salvador
887,3.25,2014,0.8,Honduras,,Honduras
888,3.5,2014,0.7,Honduras,,Honduras
889,3.5,2014,0.8,Honduras,,Nicaragua
890,3.5,2014,0.72,Sweden,Trinitario,Madagascar
891,3.5,2015,0.7,Amsterdam,Trinitario,South America
892,3.75,2012,0.66,France,,Mexico
893,3.5,2007,0.67,France,Forastero,Sao Tome
894,2,2006,0.85,France,,
895,3,2006,0.7,France,Forastero,Sao Tome
896,4,2006,0.65,France,Trinitario,Madagascar
897,2,2006,0.99,France,,
898,3.5,2015,0.8,U.S.A.,Trinitario,Belize
899,3.5,2015,0.7,U.S.A.,Trinitario,Trinidad
900,3.75,2015,0.75,U.S.A.,,Dominican Republic
901,3.75,2015,0.75,U.S.A.,,Venezuela
902,3.25,2015,0.75,U.S.A.,,Tanzania
903,3.5,2015,0.7,U.S.A.,,Nicaragua
904,3.25,2013,0.8,U.S.A.,Trinitario,Belize
905,1.5,2012,0.65,U.S.A.,,
906,2,2012,0.75,U.S.A.,Criollo,Bolivia
907,2.5,2012,0.7,U.S.A.,Criollo,Indonesia
908,2.5,2013,0.7,U.S.A.,Forastero (Nacional),Ecuador
909,2.75,2010,0.77,U.S.A.,,Ecuador
910,3.75,2016,0.75,Brazil,,Brazil
911,3.5,2015,0.7,Brazil,Forastero (Parazinho),Brazil
912,3.25,2013,0.73,U.S.A.,Trinitario,Belize
913,2.75,2010,0.67,U.S.A.,Trinitario,Belize
914,3,2015,0.7,U.S.A.,,Domincan Republic
915,2.75,2015,0.7,U.S.A.,,Indonesia
916,3.25,2015,0.7,U.S.A.,,Peru
917,2.75,2011,0.7,Nicaragua,,Nicaragua
918,2.75,2011,0.7,Nicaragua,,Nicaragua
919,3.5,2016,0.72,Canada,,Dominican Republic
920,3.25,2014,0.7,Australia,,Papua New Guinea
921,3.25,2015,0.7,Ecuador,,Ecuador
922,3.5,2015,0.7,U.S.A.,,Nicaragua
923,3.5,2015,0.8,U.S.A.,,Nicaragua
924,2.75,2016,0.68,U.S.A.,,Tanzania
925,3,2016,0.8,U.S.A.,Trinitario,Vietnam
926,2.5,2013,0.58,Costa Rica,,Costa Rica
927,3,2013,0.7,Costa Rica,,Costa Rica
928,3.75,2013,0.7,Lithuania,,"Trinidad, Tobago"
929,3.75,2013,0.78,Lithuania,Forastero (Nacional),Peru
930,3.25,2014,0.7,Lithuania,Criollo,Nicaragua
931,3,2014,0.7,Lithuania,,Venezuela
932,3.5,2013,0.85,U.S.A.,,Hawaii
933,2.25,2014,0.72,U.S.A.,,Peru
934,2.5,2014,0.7,U.S.A.,,Dominican Republic
935,2.5,2014,0.735,U.S.A.,Trinitario,Madagascar
936,3.5,2014,0.7,U.S.A.,Forastero,Ghana
937,2.5,2010,0.7,Belgium,Criollo,Papua New Guinea
938,3.75,2008,0.67,Belgium,Trinitario,Trinidad
939,2,2006,0.73,Belgium,Forastero,West Africa
940,2.75,2006,0.75,Belgium,Forastero,Sao Tome
941,3,2006,0.71,Belgium,Criollo,Venezuela
942,2.25,2015,0.72,U.S.A.,Criollo,Venezuela
943,2.75,2015,0.72,U.S.A.,Trinitario,Dominican Republic
944,2.75,2013,0.75,U.S.A.,,Peru
945,3.5,2013,0.75,U.S.A.,,Ecuador
946,3,2014,0.75,U.S.A.,Forastero,Ghana
947,3,2014,0.75,U.S.A.,Trinitario,Belize
948,3,2012,0.7,U.S.A.,,Venezuela
949,3,2012,0.7,U.S.A.,,Ecuador
950,3,2012,0.7,Nicaragua,,Nicaragua
951,2.75,2012,0.75,Niacragua,,Nicaragua
952,3.25,2012,0.8,Nicaragua,Forastero (Nacional),Ecuador
953,3.75,2015,0.7,U.S.A.,Forastero,Ghana
954,2.75,2015,0.7,U.S.A.,Trinitario,Ecuador
955,3,2015,0.7,U.S.A.,Criollo,Venezuela
956,3.5,2015,0.7,U.S.A.,Trinitario,Madagascar
957,3.75,2015,0.7,U.S.A.,,Dominican Republic
958,2.5,2010,0.7,U.S.A.,Trinitario,Jamaica
959,3.75,2015,0.7,Chile,Criollo,Peru
960,3.75,2015,0.7,Scotland,Forastero,Congo
961,4,2015,0.75,Scotland,Criollo,Peru
962,2.75,2016,1,New Zealand,,Samoa
963,3.5,2016,0.7,New Zealand,,Samoa
964,2.75,2014,0.66,New Zealand,,Papua New Guinea
965,3,2014,0.7,New Zealand,,Papua New Guinea
966,3.25,2014,0.88,New Zealand,,Papua New Guinea
967,3.5,2014,0.74,New Zealand,,Papua New Guinea
968,2.75,2015,0.7,U.S.A.,Trinitario,Trinidad
969,3,2015,0.7,U.S.A.,,Tanzania
970,3.5,2011,0.7,Germany,Criollo,Bolivia
971,3,2010,0.72,U.S.A.,,Dominican Republic
972,3,2010,0.72,U.S.A.,Forastero,Ghana
973,2.75,2009,0.67,U.S.A.,,"Ghana, Domin. Rep"
974,3,2009,0.75,U.S.A.,,"Ghana, Domin. Rep"
975,2,2011,0.76,Canada,,Carribean
976,2.75,2011,0.76,Canada,,Carribean
977,2.75,2011,0.85,Canada,,Carribean
978,3,2011,0.85,Canada,,Carribean
979,2.75,2011,0.8,Ghana,Forastero,Ghana
980,3.75,2016,0.7,Iceland,Trinitario,Tanzania
981,3,2014,0.7,Iceland,,Papua New Guinea
982,3.5,2014,0.66,Iceland,Trinitario,Madagascar
983,2.75,2013,0.74,Canada,Trinitario,Belize
984,2.75,2013,0.72,Canada,,Dominican Republic
985,2.75,2013,0.72,Canada,Trinitario,Nicaragua
986,3,2013,0.72,Canada,,Dominican Republic
987,3,2013,0.72,Canada,Trinitario,Ecuador
988,2.75,2014,0.68,Switzerland,,Papua New Guinea
989,3.25,2014,0.8,Switzerland,Blend,
990,3,2009,0.75,Switzerland,Criollo,Peru
991,3.25,2009,0.68,Switzerland,,Bolivia
992,3,2009,0.6,U.S.A.,Criollo,Hawaii
993,3,2006,0.6,U.S.A.,,Hawaii
994,3,2012,0.65,Peru,,Peru
995,3,2012,0.72,Peru,,Peru
996,3.25,2014,0.7,Ecuador,,Ecuador
997,3.5,2014,0.7,Ecuador,,Ecuador
998,3.75,2014,0.7,Ecuador,,Ecuador
999,4,2014,0.7,Ecuador,,Ecuador
1000,3,2008,0.72,Ecuador,Forastero (Arriba),Ecuador
1001,2,2008,1,Ecuador,Forastero (Arriba),Ecuador
1002,2.75,2016,0.7,Canada,,Guatemala
1003,3,2016,0.72,Canada,Trinitario,Belize
1004,3.25,2015,0.7,Canada,,Bolivia
1005,3.25,2015,0.7,Canada,Trinitario,Trinidad
1006,3.75,2015,0.72,Canada,Trinitario,Vietnam
1007,2.75,2014,0.72,Canada,,Bolivia
1008,3.5,2014,0.75,Canada,Blend,"Trinidad, Ecuador"
1009,3.75,2014,0.7,Canada,Trinitario,Trinidad
1010,3,2016,0.76,Spain,,Fiji
1011,3.5,2014,0.65,U.S.A.,,South America
1012,3.25,2016,0.7,U.S.A.,,Tanzania
1013,3,2014,0.7,U.S.A.,,Bolivia
1014,3.5,2014,0.7,U.S.A.,,Dominican Republic
1015,2.5,2013,0.55,Peru,,Peru
1016,2.75,2013,0.7,Peru,,Peru
1017,3.75,2011,0.7,U.S.A.,Blend,
1018,3.5,2009,0.67,U.S.A.,Trinitario,Madagascar
1019,4,2007,0.7,U.S.A.,Trinitario,Madagascar
1020,4,2013,0.67,U.S.A.,,Peru
1021,2.25,2014,0.73,U.K.,Trinitario,Madagascar
1022,2.75,2014,0.64,U.K.,Trinitario,Madagascar
1023,3,2015,0.82,U.S.A.,,Dominican Republic
1024,3,2010,0.75,Belgium,Criollo,Venezuela
1025,3.25,2010,0.75,Belgium,Trinitario,Trinidad
1026,3.75,2010,0.78,Belgium,"Criollo, Forastero",Cuba
1027,3,2010,0.85,Belgium,Criollo,Peru
1028,3,2009,0.72,Belgium,Forastero,Brazil
1029,3,2009,0.72,Belgium,Criollo,Mexico
1030,4,2007,0.7,Belgium,Blend,"Venezuela, Java"
1031,3.75,2007,0.72,Belgium,Forastero (Nacional),Ecuador
1032,4,2007,0.72,Belgium,Trinitario,Madagascar
1033,3.5,2007,0.85,Belgium,Blend,Venezuela/ Ghana
1034,4,2006,0.72,Belgium,Criollo,Mexico
1035,3,2006,0.72,Belgium,Criollo,Indonesia
1036,4,2006,0.72,Belgium,Criollo,Venezuela
1037,2.5,2016,0.8,U.S.A.,,Honduras
1038,2.5,2015,0.62,U.S.A.,,Nicaragua
1039,2.75,2015,0.8,U.S.A.,,Nicaragua
1040,2.75,2015,0.8,U.S.A.,"Criollo, Trinitario",Nicaragua
1041,2.75,2015,0.8,U.S.A.,Trinitario,Nicaragua
1042,3.25,2015,0.8,U.S.A.,,Nicaragua
1043,2.5,2014,0.73,U.S.A.,Trinitario,Fiji
1044,3.5,2014,0.73,U.S.A.,,Ecuador
1045,2.5,2012,0.76,U.S.A.,,Dominican Republic
1046,2.75,2012,0.82,U.S.A.,Criollo,Peru
1047,3.75,2016,0.7,U.S.A.,,Domincan Republic
1048,3.75,2014,0.7,U.S.A.,,Venezuela
1049,2.75,2011,0.7,U.S.A.,,Peru
1050,3.25,2015,0.75,France,,Peru
1051,3.25,2011,0.75,France,Criollo (Porcelana),Venezuela
1052,3.5,2010,0.75,France,Trinitario,Venezuela
1053,2,2009,0.75,France,,Venezuela
1054,3,2008,0.75,France,Trinitario,Papua New Guinea
1055,3,2008,1,France,Criollo,Madagascar
1056,2,2008,0.75,France,,Dominican Republic
1057,3.5,2008,0.75,France,,Brazil
1058,3,2006,0.75,France,Forastero,Brazil
1059,3.5,2006,0.75,France,Criollo,Tanzania
1060,3.5,2006,0.75,France,Trinitario,Trinidad
1061,3.75,2006,0.75,France,Criollo,Madagascar
1062,3.5,2006,0.75,France,Criollo,Indonesia
1063,3.5,2006,0.75,France,Trinitario,Venezuela
1064,4,2006,0.75,France,Trinitario,Jamaica
1065,3.5,2006,0.75,France,Trinitario,Colombia
1066,4,2006,0.8,France,"Criollo, Trinitario",Ecuador
1067,3,2006,0.75,France,Trinitario,Cuba
1068,3,2006,0.75,France,"Trinitario, Forastero","Venezuela, Ghana"
1069,3.5,2006,0.75,France,"Criollo, Forastero","Indonesia, Ghana"
1070,3.5,2016,0.77,U.K.,,Ecuador
1071,3.5,2015,0.74,U.K.,Criollo,Madagascar
1072,2.75,2015,0.8,U.K.,,Honduras
1073,2.75,2014,0.75,U.K.,Trinitario,Venezuela
1074,3,2014,0.75,U.K.,Forastero (Nacional),Ecuador
1075,3.25,2014,0.72,U.K.,Trinitario,Madagascar
1076,2.75,2012,0.73,Italy,,Venezuela
1077,3.25,2013,0.75,Brazil,,Brazil
1078,3.5,2013,0.85,Brazil,,Brazil
1079,2.75,2013,0.55,Brazil,,Brazil
1080,3.25,2013,0.8,Brazil,,Brazil
1081,3,2012,0.6,Brazil,,Brazil
1082,3.25,2012,0.65,Brazil,,Brazil
1083,2.75,2016,0.7,Mexico,Criollo,Mexico
1084,3,2016,0.74,Mexico,Trinitario,Mexico
1085,3,2016,0.7,U.S.A.,,"Peru(SMartin,Pangoa,nacional)"
1086,2.75,2015,0.75,U.S.A.,Forastero,Congo
1087,3.25,2012,0.75,U.S.A.,Trinitario,Madagascar
1088,3.5,2011,0.85,U.S.A.,,Dominican Republic
1089,2.75,2010,0.7,Guatemala,,Guatemala
1090,3,2010,0.75,Eucador,"Forastero(Arriba, CCN)",Ecuador
1091,3.25,2015,0.8,U.S.A.,,Peru
1092,3.5,2015,0.73,U.S.A.,Criollo,Peru
1093,3.25,2016,0.75,France,Criollo,Peru
1094,3.25,2010,0.75,Ecuador,,Ecuador
1095,2.5,2009,0.75,Ecuador,Forastero (Arriba),Ecuador
1096,3.5,2007,0.67,Ecuador,Forastero (Arriba),Ecuador
1097,3.75,2007,0.75,Ecuador,Forastero (Arriba),Ecuador
1098,3.75,2016,0.75,U.S.A.,,Ecuador
1099,3.5,2015,0.85,U.S.A.,,Ecuador
1100,3.5,2015,0.7,U.S.A.,Blend,
1101,3.75,2013,0.75,U.S.A.,Trinitario,Belize
1102,3,2013,0.75,U.S.A.,Forastero (Nacional),Peru
1103,4,2012,0.75,U.S.A.,Trinitario,Madagascar
1104,3.5,2012,0.75,U.S.A.,Trinitario,Trinidad
1105,3.5,2011,0.75,U.S.A.,,Costa Rica
1106,3.25,2016,0.7,South Korea,,Costa Rica
1107,3.25,2016,0.7,South Korea,,Costa Rica
1108,3.25,2013,0.75,Madagascar,Trinitario,Madagascar
1109,3.5,2012,0.66,U.K.,Trinitario,Grenada
1110,3.75,2016,0.75,U.S.A.,,Honduras
1111,3.75,2015,0.7,U.S.A.,,Venezuela
1112,3.25,2015,0.75,U.S.A.,,Bolivia
1113,3.75,2014,0.8,U.S.A.,Criollo,Venezuela
1114,3.5,2013,0.7,U.S.A.,Trinitario,Madagascar
1115,3.5,2013,0.7,U.S.A.,,Dominican Republic
1116,4,2013,0.75,U.S.A.,,Bolivia
1117,3.75,2013,0.75,U.S.A.,Trinitario,Jamaica
1118,3.75,2012,0.75,U.S.A.,Nacional (Arriba),Ecuador
1119,3,2011,0.75,U.S.A.,Criollo,Bolivia
1120,3.5,2009,0.7,U.S.A.,Trinitario,Venezuela
1121,2.75,2008,0.7,U.S.A.,,Dominican Republic
1122,2.75,2008,0.7,U.S.A.,Trinitario,Madagascar
1123,3,2008,0.7,U.S.A.,Trinitario,Trinidad
1124,2.5,2012,0.84,Hungary,,Venezuela
1125,2.25,2012,0.76,Hungary,Trinitario,Venezuela
1126,2.5,2012,0.72,Hungary,Trinitario,Madagascar
1127,3.5,2011,0.73,Hungary,Criollo,Venezuela
1128,2.5,2011,0.71,Hungary,,Venezuela
1129,3.5,2011,0.7,Hungary,,Venezuela
1130,2.75,2011,0.77,Hungary,Forastero,Principe
1131,3.5,2010,0.64,Italy,Trinitario,Madagascar
1132,1.5,2010,1,Italy,,
1133,3.25,2012,0.69,U.S.A.,,Central and S. America
1134,3.5,2008,0.7,Argentina,Forastero,Brazil
1135,3.5,2008,0.7,Argentina,Forastero (Nacional),Ecuador
1136,3.5,2008,0.7,Argentina,Forastero (Arriba) ASSS,Ecuador
1137,2.75,2009,0.75,Colombia,Forastero (Nacional),Colombia
1138,3,2009,0.7,Colombia,Forastero (Nacional),Colombia
1139,2,2006,0.53,Colombia,Forastero (Nacional),Colombia
1140,4,2006,0.7,Colombia,Forastero (Nacional),Colombia
1141,2.75,2011,0.7,France,Forastero,Sao Tome
1142,4,2012,0.78,U.S.A.,,Peru
1143,3.75,2011,0.68,U.S.A.,,Papua New Guinea
1144,3.5,2010,0.68,U.S.A.,Trinitario,Grenada
1145,3.75,2010,0.65,U.S.A.,"Trinitario, Criollo",Madagascar
1146,3.75,2009,0.68,U.S.A.,,Brazil
1147,4,2009,0.65,U.S.A.,Forastero,Ghana
1148,3.75,2009,0.72,U.S.A.,Trinitario,Vietnam
1149,3,2008,0.72,U.S.A.,Blend,"Ven., Trinidad, Mad."
1150,3,2007,0.72,U.S.A.,Blend,Carribean(DR/Jam/Tri)
1151,3,2007,0.62,U.S.A.,,
1152,3.75,2007,0.75,U.S.A.,,Venezuela
1153,3,2007,0.75,U.S.A.,Blend,Carribean
1154,2,2006,0.82,U.S.A.,,
1155,3.5,2006,0.7,U.S.A.,Blend,
1156,2,2006,0.68,U.S.A.,Blend,Ghana & Madagascar
1157,2,2006,0.7,U.S.A.,Trinitario,Jamaica
1158,3,2006,0.62,U.S.A.,Blend,
1159,2.75,2015,0.7,U.K.,,Grenada
1160,3.25,2015,0.72,U.S.A.,Trinitario,Jamaica
1161,2.75,2015,0.77,U.S.A.,Criollo,Venezuela
1162,3,2014,0.75,U.S.A.,Trinitario,Ecuador
1163,3.25,2016,0.7,Peru,,Peru
1164,3.5,2011,0.75,Peru,Criollo,Peru
1165,3.25,2015,0.82,Costa Rica,,Costa Rica
1166,3.5,2015,0.7,Costa Rica,,Costa Rica
1167,2.5,2012,0.7,U.S.A.,,Peru
1168,3,2011,0.67,Italy,Criollo,Belize
1169,3.25,2011,0.65,Italy,Forastero,Sao Tome
1170,3.25,2011,0.6,Italy,Trinitario,Brazil
1171,3,2011,0.68,Italy,"Criollo, Trinitario",Colombia
1172,3.5,2016,0.73,Canada,,Bolivia
1173,3.5,2016,0.73,Canada,,Tanzania
1174,3.75,2016,0.73,Canada,,Ecuador
1175,3,2015,1,Canada,Trinitario,Madagascar
1176,3,2015,1,Canada,,Ecuador
1177,3.25,2015,0.73,Canada,,Guatemala
1178,3.25,2015,0.73,Canada,,Haiti
1179,3.75,2014,0.67,Canada,Trinitario,Madagascar
1180,3.75,2014,0.73,Canada,Trinitario,Madagascar
1181,2.75,2015,0.7,U.S.A.,Forastero,Ghana
1182,3,2015,0.72,U.S.A.,,Nicaragua
1183,3.5,2017,0.7,Australia,,Dominican Republic
1184,3.75,2016,0.7,Australia,Criollo,Venezuela
1185,4,2016,0.7,Australia,Criollo,Ecuador
1186,3.75,2016,0.7,Australia,,Belize
1187,3,2016,0.7,Australia,Trinitario,Vietnam
1188,3.75,2016,0.67,Australia,,Australia
1189,3.25,2016,0.7,Australia,,Guatemala
1190,3.25,2015,0.65,Australia,Trinitario,Madagascar
1191,3.5,2015,0.7,Australia,Trinitario,Madagascar
1192,3.75,2015,0.67,Australia,,Tanzania
1193,4,2015,0.72,Australia,,Ecuador
1194,2.75,2015,0.72,Australia,,Bolivia
1195,3,2015,0.67,Australia,Forastero (Nacional),Peru
1196,1.5,2011,0.67,U.S.A.,Forastero,Ghana
1197,3,2010,0.68,U.S.A.,Trinitario,Madagascar
1198,3,2015,0.72,U.S.A.,Trinitario,Madagascar
1199,2.75,2016,0.68,U.K.,Forastero (Nacional),Peru
1200,3.25,2016,0.7,New Zealand,,Solomon Islands
1201,3,2014,0.7,U.S.A.,"Forastero, Trinitario",Uganda
1202,3,2013,0.7,U.S.A.,Trinitario,Madagascar
1203,3,2013,0.7,U.S.A.,,Venezuela
1204,3.25,2013,0.7,U.S.A.,,Bolivia
1205,3.25,2013,0.7,U.S.A.,,Peru
1206,3.5,2016,0.62,Canada,,Domincan Republic
1207,3.5,2016,0.7,Canada,Trinitario,Madagascar
1208,3.5,2016,0.7,Canada,Forastero (Parazinho),Brazil
1209,3.75,2016,0.75,Canada,,"Ven.,Ecu.,Peru,Nic."
1210,3.75,2016,0.7,Canada,Trinitario,Nicaragua
1211,4,2016,0.7,Canada,Trinitario,Vietnam
1212,3.25,2016,0.7,Canada,,Ecuador
1213,3.5,2015,0.7,Canada,Criollo,Venezuela
1214,4,2015,0.75,Canada,,Venezuela
1215,3.5,2014,0.7,Canada,,Nicaragua
1216,3.75,2014,0.7,Canada,Forastero (Nacional),Peru
1217,3.25,2014,0.7,Canada,Trinitario,Nicaragua
1218,3.5,2014,0.8,Canada,Forastero (Nacional),Ecuador
1219,3.75,2014,0.7,Canada,Forastero (Amelonado),Vanuatu
1220,3.75,2013,0.77,Canada,Trinitario,Dominican Republic
1221,2.75,2013,0.7,Canada,Criollo,Peru
1222,3.75,2013,0.7,Canada,Trinitario,Trinidad
1223,3.25,2013,0.7,Canada,,
1224,3.75,2013,0.7,Canada,Criollo,Venezuela
1225,4,2013,0.88,Canada,,"Guat., D.R., Peru, Mad., PNG"
1226,4,2013,0.7,Canada,Criollo,Venezuela
1227,4,2013,0.67,Canada,,"Peru, Dom. Rep"
1228,3.25,2013,0.7,Canada,Forastero,Venezuela
1229,3.25,2012,0.7,Canada,,Haiti
1230,3.75,2012,0.7,Canada,,Hawaii
1231,4,2012,0.7,Canada,Blend,"Dom. Rep., Madagascar"
1232,4,2012,0.7,Canada,Blend,"Gre., PNG, Haw., Haiti, Mad"
1233,3.5,2012,0.7,Canada,Trinitario,Guatemala
1234,3.75,2012,0.7,Canada,Trinitario,Venezuela
1235,3.5,2012,0.7,Canada,Blend,"Mad., Java, PNG"
1236,2.75,2011,0.7,Canada,Trinitario,Grenada
1237,4,2011,0.64,Canada,,Peru
1238,4,2011,0.7,Canada,,"Ven, Bolivia, D.R."
1239,3.75,2011,0.7,Canada,Forastero,Dominican Republic
1240,3.75,2010,0.7,Canada,"Trinitario, Nacional","DR, Ecuador, Peru"
1241,3,2009,0.7,Canada,Forastero,Dominican Republic
1242,3.5,2009,0.7,Canada,Forastero,Ghana
1243,3,2009,0.7,Canada,Trinitario,Dominican Republic
1244,3.5,2009,0.7,Canada,Trinitario,Papua New Guinea
1245,3.75,2009,0.7,Canada,Criollo,Madagascar
1246,3.75,2009,0.7,Canada,Criollo,Venezuela
1247,3.25,2014,0.7,U.S.A.,,Nicaragua
1248,3.5,2014,0.7,U.S.A.,,Hawaii
1249,3.25,2017,0.7,Canada,,Dominican Republic
1250,3.5,2017,0.7,Canada,,Madagascar
1251,3.5,2017,0.75,Canada,,Venezuela
1252,3.25,2017,0.75,Canada,,Ecuador
1253,3,2012,0.7,U.S.A.,,Dominican Republic
1254,3.25,2012,0.75,U.S.A.,,Dominican Republic
1255,3.75,2017,0.7,U.S.A.,,Dominican Republic
1256,3.5,2017,0.7,U.S.A.,,Ecuador
1257,2.75,2017,0.7,U.S.A.,,Peru
1258,3.75,2016,0.7,Australia,,Ecuador
1259,3.75,2016,0.7,Australia,,Madagascar
1260,2.75,2014,0.72,Australia,Trinitario,Vanuatu
1261,3,2013,0.7,Switzerland,Criollo,Bolivia
1262,3,2013,0.7,U.S.A.,,Dominican Republic
1263,2.25,2013,0.84,U.S.A.,,Dominican Republic
1264,3,2015,0.7,U.S.A.,Forastero (Nacional),Ecuador
1265,3,2015,0.7,U.S.A.,,Domincan Republic
1266,3,2015,0.7,U.S.A.,,Guatemala
1267,3,2015,0.7,U.S.A.,Trinitario (Amelonado),Nicaragua
1268,3,2015,0.7,U.S.A.,Trinitario,Madagascar
1269,2.75,2012,0.68,Switzerland,Trinitario,Brazil
1270,3.25,2011,0.72,Switzerland,,India
1271,3.5,2014,0.84,U.S.A.,,Ecuador
1272,2.5,2012,0.65,U.S.A.,,Philippines
1273,2.5,2012,0.7,U.S.A.,,Philippines
1274,3.25,2013,0.78,U.S.A.,Trinitario,Belize
1275,2.5,2016,0.61,Denmark,"Criollo, Trinitario",Peru
1276,2.75,2016,0.7,Venezuela,,Venezuela
1277,3,2016,0.6,Venezuela,,Venezuela
1278,2.75,2015,0.7,Sweden,"Criollo, Trinitario",Sri Lanka
1279,3.25,2015,0.7,Hungary,,Ecuador
1280,3.25,2015,0.88,Hungary,Trinitario,Cuba
1281,3.25,2015,0.7,Hungary,Trinitario,Madagascar
1282,3.5,2015,0.7,Hungary,Forastero (Parazinho),Brazil
1283,3.5,2014,0.7,Hungary,Criollo,Venezuela
1284,3.75,2014,0.7,Hungary,Trinitario,Cuba
1285,3.5,2013,0.7,Hungary,Criollo,Madagascar
1286,3.5,2013,0.7,Hungary,Criollo,Madagascar
1287,3.25,2013,0.7,Hungary,,Nicaragua
1288,3.25,2012,0.7,Hungary,,Dominican Republic
1289,3.25,2012,0.7,Hungary,,Madagascar
1290,3.75,2012,0.7,Hungary,,Peru
1291,3,2011,0.7,Hungary,,Venezuela
1292,2.75,2013,0.7,U.S.A.,,Costa Rica
1293,2.5,2013,0.7,U.S.A.,,Mexico
1294,3.25,2015,0.62,Japan,,Papua New Guinea
1295,2.75,2015,0.77,Japan,Trinitario,Trinidad
1296,3.25,2016,0.7,Suriname,Trinitario,Suriname
1297,3,2014,0.68,U.S.A.,Trinitario,Belize
1298,3.25,2011,0.87,U.S.A.,,Bolivia
1299,2.75,2009,0.75,U.S.A.,,Mexico
1300,3,2007,0.7,U.S.A.,,Dominican Republic
1301,2,2016,0.62,U.S.A.,Forastero,West Africa
1302,2.75,2009,0.6,U.S.A.,,
1303,3,2009,0.68,U.S.A.,,
1304,2.5,2008,0.7,U.S.A.,,Peru
1305,2.75,2008,0.7,U.S.A.,,Madagascar
1306,2.75,2012,0.7,U.S.A.,,Madagascar
1307,3,2012,0.7,U.S.A.,Blend,"Ecuador, Mad., PNG"
1308,3,2012,0.7,U.S.A.,,Papua New Guinea
1309,3.5,2012,0.7,U.S.A.,,Dominican Republic
1310,3.25,2012,0.7,U.S.A.,,Ecuador
1311,2,2012,0.7,U.S.A.,,Peru
1312,3.25,2012,0.7,U.S.A.,,Ecuador
1313,3,2012,0.7,U.S.A.,,Madagascar
1314,3.25,2012,0.7,U.S.A.,,Mexico
1315,2.75,2012,0.7,U.S.A.,,Brazil
1316,3,2012,0.8,U.S.A.,,Venezuela
1317,3.25,2012,0.67,U.S.A.,,Bolivia
1318,3.5,2012,0.7,U.S.A.,Forastero (Parazinho),Brazil
1319,3.75,2015,0.7,U.S.A.,Trinitario,Belize
1320,3.75,2015,0.7,U.S.A.,Trinitario,Madagascar
1321,3.25,2015,0.7,U.S.A.,,Ecuador
1322,3.5,2015,0.7,U.S.A.,,Domincan Republic
1323,3.75,2014,0.67,U.S.A.,Trinitario,Madagascar
1324,3.75,2014,0.73,U.S.A.,Forastero,Uganda
1325,3,2015,0.7,Sweden,,Peru
1326,3.25,2012,0.65,U.S.A.,Forastero,Congo
1327,3.5,2007,0.65,U.S.A.,Trinitario,Madagascar
1328,2.5,2007,0.75,U.S.A.,,Ivory Coast
1329,3,2007,0.84,U.S.A.,Forastero,Ghana
1330,2,2007,0.91,U.S.A.,Blend,Venezuela
1331,3,2007,0.75,U.S.A.,Blend,"Ghana, Panama, Ecuador"
1332,3.25,2014,0.81,Ecuador,Forastero (Nacional),Ecuador
1333,4,2012,0.7,France,Trinitario,Tobago
1334,3,2012,0.77,U.S.A.,Criollo,Bolivia
1335,2.75,2011,0.72,U.S.A.,,Venezuela
1336,3,2011,0.74,U.S.A.,,Dominican Republic
1337,3.5,2011,0.72,Madagascar,,Madagascar
1338,2.75,2015,0.75,U.S.A.,,Domincan Republic
1339,3.5,2015,0.75,U.S.A.,,Ecuador
1340,2.5,2013,0.75,U.S.A.,,Bolivia
1341,3,2016,0.6,U.S.A.,Criollo,Peru
1342,3.75,2011,0.63,France,,Dominican Republic
1343,2.75,2014,0.74,U.S.A.,,Nicaragua
1344,3,2014,0.7,U.S.A.,,Dominican Republic
1345,3,2016,0.72,U.S.A.,Trinitario,Madagascar
1346,3.25,2014,0.65,Italy,Trinitario,Venezuela
1347,4,2015,0.63,France,,Peru
1348,3.5,2013,0.7,France,,
1349,3.5,2013,0.64,France,,Dominican Republic
1350,4,2012,0.69,France,,Venezuela
1351,4,2011,0.64,France,Criollo,Venezuela
1352,3.75,2009,0.66,France,,Ecuador
1353,3.5,2009,0.68,France,Forastero,Ghana
1354,3,2007,0.72,France,Blend,"Venezuela, Carribean"
1355,3.75,2007,0.65,France,Trinitario,Venezuela
1356,4,2007,0.64,France,"Criollo, Trinitario",Madagascar
1357,1.5,2007,0.85,France,,
1358,2.5,2007,0.85,France,Forastero,West Africa
1359,2.75,2007,0.71,France,Forastero,West Africa
1360,3.25,2007,0.64,France,Criollo (Porcelana),Venezuela
1361,3,2006,0.66,France,Trinitario,Carribean
1362,4,2006,0.7,France,"Criollo, Trinitario",South America
1363,3.5,2006,0.64,France,Trinitario,Madagascar
1364,2.75,2009,0.72,Madagascar,Trinitario,Madagascar
1365,2.75,2009,0.76,Madagascar,Trinitario,Madagascar
1366,2.75,2009,0.8,Madagascar,Trinitario,Madagascar
1367,3,2009,0.7,Madagascar,Trinitario,Madagascar
1368,3,2009,0.68,Madagascar,Trinitario,Madagascar
1369,3.25,2009,0.64,Madagascar,Trinitario,Madagascar
1370,3.25,2015,0.7,U.S.A.,,Bolivia
1371,3.25,2014,0.9,U.S.A.,,Dominican Republic
1372,3.5,2014,0.75,U.S.A.,Trinitario,Trinidad
1373,3.5,2014,0.75,U.S.A.,,Ecuador
1374,3.75,2013,0.9,U.S.A.,,Central and S. America
1375,3,2014,0.75,U.S.A.,,Peru
1376,2,2007,1,U.S.A.,Forastero (Arriba),Ecuador
1377,3,2007,0.75,U.S.A.,Forastero (Arriba),Ecuador
1378,3,2007,0.65,U.S.A.,Forastero (Arriba),Ecuador
1379,2.75,2015,0.77,U.S.A.,Trinitario,Madagascar
1380,3,2015,0.77,U.S.A.,"Criollo, Trinitario",Belize
1381,3.25,2015,0.77,U.S.A.,"Criollo, Trinitario",Peru
1382,2.5,2016,0.7,U.S.A.,,Peru
1383,2.5,2016,0.7,U.S.A.,,Venezuela
1384,3,2016,0.7,U.S.A.,,Domincan Republic
1385,3.5,2016,0.7,New Zealand,Trinitario,Dominican Republic
1386,3.5,2016,0.7,New Zealand,,Peru
1387,2.5,2011,0.72,New Zealand,Forastero,Ghana
1388,2.75,2013,0.89,Ireland,Criollo,Peru
1389,3.25,2013,0.75,Ireland,Criollo,Peru
1390,2.75,2013,0.75,Ireland,Criollo,Peru
1391,4,2016,0.7,U.K.,,Colombia
1392,3,2014,0.88,U.K.,Trinitario,Colombia
1393,2.25,2013,1,U.K.,,Indonesia
1394,3,2010,0.71,U.K.,Trinitario,Madagascar
1395,3.5,2010,0.72,U.K.,,Venezuela
1396,3.75,2010,0.69,U.K.,,Indonesia
1397,3,2009,0.7,U.K.,,Peru
1398,3.25,2009,0.72,U.K.,Trinitario,Venezuela
1399,3,2016,0.74,U.S.A.,Criollo,Venezuela
1400,3.5,2016,0.76,U.S.A.,,Bolivia
1401,3.75,2016,0.75,U.S.A.,,Ghana
1402,3,2014,0.7,U.S.A.,Forastero (Nacional),Peru
1403,3.5,2013,0.7,U.S.A.,Trinitario,Trinidad
1404,2.5,2012,0.7,U.S.A.,,Ecuador
1405,3,2012,0.7,U.S.A.,,Costa Rica
1406,4,2011,0.7,U.S.A.,,Venezuela
1407,3.5,2011,0.7,U.S.A.,,Dominican Republic
1408,3,2013,0.66,Domincan Republic,,Dominican Republic
1409,2.75,2017,0.7,U.S.A.,,Madagascar
1410,2.5,2017,0.7,U.S.A.,,Dominican Republic
1411,3,2015,0.7,U.S.A.,,Papua New Guinea
1412,3.25,2015,0.7,U.S.A.,,Domincan Republic
1413,3.25,2015,0.7,U.S.A.,Trinitario,Madagascar
1414,3.5,2015,0.7,U.S.A.,Trinitario,Belize
1415,3,2015,0.6,U.S.A.,,
1416,2.75,2016,0.7,Austria,Nacional (Arriba),Ecuador
1417,2.75,2016,0.85,Austria,Trinitario,Trinidad
1418,3.5,2016,0.7,Austria,"Criollo, Trinitario",Tanzania
1419,3.5,2016,0.78,Austria,Trinitario,Trinidad
1420,3.25,2016,0.65,Australia,,
1421,3.5,2011,0.68,Australia,,Bolivia
1422,3.5,2011,0.66,Australia,Trinitario,Papua New Guinea
1423,3.75,2011,0.72,Australia,,Bolivia
1424,2.75,2014,0.8,Austria,,
1425,3.5,2012,0.72,Austria,,Panama
1426,3.5,2012,0.65,Austria,,
1427,3,2012,0.7,Austria,Criollo (Amarru),Peru
1428,3.5,2012,0.7,Austria,Criollo (Amarru),Peru
1429,3.75,2012,0.62,Austria,,Dominican Republic
1430,3,2012,0.75,Austria,Forastero (Nacional),Ecuador
1431,3,2012,0.75,Austria,"Criollo, Trinitario",Papua New Guinea
1432,3.25,2012,0.9,Austria,,Bolivia
1433,3.75,2012,0.7,Austria,,Dominican Republic
1434,3.25,2012,0.68,Austria,Forastero,Congo
1435,3,2011,0.65,Austria,Forastero,Congo
1436,3.5,2011,0.65,Austria,Forastero,India
1437,3.25,2011,0.62,Austria,,India
