,still_customer,customer_age,gender,dependent_count,education_level,marital_status,income_category,card_category,months_on_book,total_relationship_count,months_inactive_12_mon,contacts_count_12_mon,credit_limit,total_revolving_bal,avg_open_to_buy,total_amt_chng_q4_q1,total_trans_amt,total_trans_ct,total_ct_chng_q4_q1,avg_utilization_ratio
1,no,38,F,2,High School,Married,Less than $40K,Blue,27,4,1,2,1830,0,1830,0.736,1741,43,0.654,0
2,no,55,F,4,Graduate,Single,Less than $40K,Blue,44,1,2,1,2638,1423,1215,0.551,4153,77,0.925,0.539
3,yes,36,F,1,Unknown,Single,Less than $40K,Blue,24,2,1,2,1735,0,1735,0.74,2467,35,0.346,0
4,yes,50,M,3,College,Single,$80K - $120K,Silver,36,3,3,2,34516,2517,31999,0.735,7155,66,0.65,0.073
5,no,36,F,1,Doctorate,Single,Less than $40K,Blue,25,1,2,3,2835,2511,324,0.731,4811,77,0.925,0.886
6,no,44,M,0,High School,Single,$40K - $60K,Blue,33,5,1,3,2337,1442,895,0.659,3945,65,0.548,0.617
7,yes,60,F,2,High School,Single,Less than $40K,Blue,54,1,6,2,8141,1811,6330,1.043,5043,53,0.432,0.222
8,no,37,F,3,High School,Married,Less than $40K,Blue,19,5,1,3,4138,0,4138,1.168,2420,50,0.613,0
9,no,55,F,1,Unknown,Married,$40K - $60K,Blue,43,2,1,2,3391,1696,1695,0.537,4291,77,0.711,0.5
10,no,60,M,1,High School,Married,Less than $40K,Blue,55,5,1,4,2661,1466,1195,0.631,1354,25,0.316,0.551
11,no,39,M,4,Post-Graduate,Single,$80K - $120K,Blue,32,5,3,2,26710,1681,25029,0.741,14043,117,0.746,0.063
12,no,57,F,1,Graduate,Married,Less than $40K,Blue,45,1,3,2,1894,0,1894,0.731,5750,73,0.872,0
13,no,50,M,2,Graduate,Married,$80K - $120K,Blue,37,3,1,3,3126,0,3126,0.824,1388,41,0.464,0
14,no,38,M,3,College,Single,$120K +,Blue,26,2,2,1,14938,0,14938,0.626,7385,90,0.429,0
15,no,42,F,2,Graduate,Married,Unknown,Blue,33,6,1,1,13770,2517,11253,0.788,1582,36,0.385,0.183
16,yes,47,F,3,High School,Married,Unknown,Silver,31,3,3,2,34516,2517,31999,0.618,2691,42,0.5,0.073
17,no,41,M,2,Graduate,Married,$60K - $80K,Blue,37,1,2,1,3786,1171,2615,0.697,5369,75,0.596,0.309
18,no,56,F,1,Uneducated,Unknown,$40K - $60K,Blue,46,4,3,3,2929,1287,1642,0.497,3875,67,0.595,0.439
19,no,52,M,2,Graduate,Married,$80K - $120K,Blue,36,4,3,2,2866,1882,984,0.803,4850,84,0.826,0.657
20,no,37,F,2,Graduate,Divorced,Less than $40K,Blue,36,4,3,3,1734,987,747,0.879,4727,67,0.914,0.569
21,no,46,M,4,Graduate,Married,$80K - $120K,Blue,33,5,1,3,16227,917,15310,0.479,4314,67,0.634,0.057
22,yes,54,F,2,Graduate,Unknown,Less than $40K,Blue,46,5,3,2,1695,913,782,0.449,2130,48,0.5,0.539
23,yes,48,M,4,Unknown,Single,$80K - $120K,Blue,36,3,3,3,32838,1717,31121,0.995,2538,42,0.4,0.052
24,no,49,M,2,Uneducated,Married,$80K - $120K,Blue,39,2,3,1,15894,1293,14601,0.693,14256,118,0.735,0.081
25,no,35,M,2,Uneducated,Unknown,$120K +,Blue,29,5,1,2,3300,1731,1569,0.689,1745,27,0.929,0.525
26,yes,38,M,2,Graduate,Single,$120K +,Blue,36,5,2,1,34516,1229,33287,0.427,1797,35,0.296,0.036
27,no,35,F,1,Graduate,Single,Less than $40K,Blue,23,4,3,3,2640,1051,1589,0.833,3116,80,0.6,0.398
28,no,52,M,1,Unknown,Married,$80K - $120K,Silver,36,6,1,0,34516,1847,32669,0.527,3284,65,0.477,0.054
29,no,38,F,1,Graduate,Single,Less than $40K,Blue,22,3,3,3,2484,2149,335,0.669,1200,28,0.647,0.865
30,no,49,F,4,Uneducated,Married,Unknown,Blue,38,4,2,1,2542,850,1692,0.723,4972,79,0.717,0.334
31,no,42,M,3,College,Single,$80K - $120K,Silver,26,3,2,2,34516,904,33612,0.726,3910,68,0.659,0.026
32,no,54,F,3,High School,Married,Less than $40K,Blue,42,4,2,3,1438.3,1108,330.3,0.782,4776,90,0.765,0.77
33,yes,47,F,3,Graduate,Unknown,Unknown,Blue,33,1,3,4,3443,0,3443,0.832,2505,45,0.452,0
34,no,53,M,1,Unknown,Married,$40K - $60K,Blue,41,5,1,3,2885,1433,1452,1.017,1170,23,0.769,0.497
35,no,27,F,1,College,Divorced,Less than $40K,Blue,15,5,3,2,2166,890,1276,1.024,3563,70,0.892,0.411
36,no,48,F,3,Uneducated,Single,Unknown,Blue,40,3,4,4,2827,1182,1645,0.902,4583,72,1,0.418
37,no,54,M,1,Unknown,Single,$60K - $80K,Blue,48,4,5,4,4752,1230,3522,0.883,15678,103,0.717,0.259
38,no,42,M,4,Uneducated,Divorced,$60K - $80K,Blue,32,4,1,2,5504,0,5504,0.62,1364,32,0.684,0
39,no,35,F,2,High School,Married,Unknown,Blue,36,3,2,4,4319,1151,3168,0.594,1852,47,0.424,0.266
40,no,48,F,3,College,Single,$40K - $60K,Blue,37,6,3,1,1438.3,0,1438.3,0.777,5035,76,0.767,0
41,no,49,F,3,Graduate,Married,Less than $40K,Blue,43,2,3,2,2174,785,1389,0.657,3890,78,0.66,0.361
42,no,41,F,3,College,Married,Less than $40K,Blue,37,3,1,2,1438.3,765,673.3,0.644,4053,66,0.692,0.532
43,no,40,F,3,Graduate,Single,Less than $40K,Blue,28,6,2,2,1709,0,1709,0.685,4981,79,0.975,0
44,no,43,M,2,High School,Single,$60K - $80K,Blue,35,5,2,2,1849,1293,556,0.835,4678,71,0.972,0.699
45,no,44,F,2,Graduate,Unknown,Less than $40K,Blue,34,3,2,2,2561,1491,1070,0.733,4869,70,0.522,0.582
46,no,54,M,2,Post-Graduate,Married,$60K - $80K,Platinum,42,1,3,1,34516,1996,32520,0.988,15033,114,0.81,0.058
47,yes,39,F,4,College,Single,$40K - $60K,Blue,36,3,2,3,1776,0,1776,0.518,2201,31,0.292,0
48,no,45,M,5,High School,Married,$80K - $120K,Blue,25,1,3,3,25601,1384,24217,0.745,12896,100,0.852,0.054
49,no,55,M,4,High School,Single,$60K - $80K,Blue,51,4,1,4,2001,1553,448,0.482,1910,51,0.7,0.776
50,no,47,F,4,Graduate,Married,Unknown,Blue,42,4,1,3,16349,1925,14424,0.833,16207,114,0.81,0.118
51,no,45,F,3,Unknown,Married,$40K - $60K,Blue,31,5,5,3,2016,1303,713,0.599,3243,63,0.615,0.646
52,no,50,M,3,Graduate,Single,$60K - $80K,Blue,44,4,2,3,23090,839,22251,1.326,1198,24,1,0.036
53,no,43,M,3,Uneducated,Married,$80K - $120K,Blue,36,1,3,2,4654,1349,3305,0.81,4277,71,0.69,0.29
54,no,56,M,2,High School,Unknown,$80K - $120K,Blue,36,1,1,1,4731,831,3900,0.96,14952,118,0.788,0.176
55,no,50,F,2,Graduate,Single,Unknown,Blue,41,5,2,4,4846,2490,2356,0.788,3724,61,0.605,0.514
56,no,45,M,2,College,Married,$60K - $80K,Blue,34,1,1,2,17646,1396,16250,0.851,15527,106,0.893,0.079
57,no,61,M,0,High School,Single,$60K - $80K,Blue,53,1,3,3,2415,2050,365,0.499,4479,71,0.69,0.849
58,no,47,M,3,Graduate,Single,$120K +,Blue,36,6,2,4,34516,933,33583,0.946,1804,32,0.6,0.027
59,no,32,M,1,High School,Married,$40K - $60K,Blue,26,3,2,3,2576,1754,822,1.027,2880,69,0.468,0.681
60,no,53,F,4,Graduate,Single,Unknown,Gold,41,5,1,2,34516,2374,32142,0.81,4390,77,0.604,0.069
61,no,56,F,4,Graduate,Married,Less than $40K,Blue,36,3,5,2,2796,0,2796,0.884,4536,81,0.723,0
62,no,48,F,2,Graduate,Married,$40K - $60K,Silver,41,6,3,1,16002,2076,13926,0.293,3667,52,1.167,0.13
63,no,36,M,3,Uneducated,Married,$60K - $80K,Blue,16,4,5,4,1686,1252,434,0.575,1758,42,1.1,0.743
64,no,41,M,3,Uneducated,Single,$80K - $120K,Blue,28,1,3,3,7142,1917,5225,0.727,7892,83,0.729,0.268
65,no,47,M,1,Graduate,Married,$60K - $80K,Blue,40,2,2,3,11773,0,11773,0.754,5098,58,1.071,0
66,no,41,F,2,High School,Married,Less than $40K,Blue,36,6,2,2,4953,991,3962,0.342,4183,67,0.489,0.2
67,no,38,F,2,High School,Single,Less than $40K,Blue,20,4,3,3,2420,676,1744,0.782,3770,76,0.81,0.279
68,no,53,F,1,Unknown,Unknown,Less than $40K,Blue,43,2,2,2,3629,2517,1112,0.735,14205,102,0.759,0.694
69,no,39,F,2,Uneducated,Single,Less than $40K,Blue,35,5,3,3,9235,1479,7756,0.843,1537,49,0.581,0.16
70,no,45,F,4,Post-Graduate,Single,$40K - $60K,Blue,35,3,5,2,1850,621,1229,0.682,4234,74,0.682,0.336
71,no,53,M,2,High School,Single,$60K - $80K,Blue,49,2,3,2,4142,2252,1890,0.714,15078,117,0.746,0.544
72,no,38,F,2,Graduate,Single,Unknown,Blue,31,2,3,2,14041,2154,11887,1.084,1467,29,1.417,0.153
73,no,39,F,2,Graduate,Married,Less than $40K,Blue,26,3,1,2,4531,1214,3317,0.813,1414,40,0.333,0.268
74,no,56,F,4,Doctorate,Single,$40K - $60K,Blue,44,4,2,3,3455,1385,2070,0.773,4925,82,0.745,0.401
75,no,47,F,4,College,Married,Less than $40K,Blue,38,3,1,2,2633,1924,709,0.806,3407,66,0.535,0.731
76,no,42,F,2,Graduate,Married,Less than $40K,Blue,37,4,2,1,2250,1788,462,0.523,4908,71,1.152,0.795
77,no,31,F,0,High School,Married,Less than $40K,Blue,22,4,2,1,3273,2517,756,1.465,2726,57,0.727,0.769
78,yes,55,F,2,Graduate,Married,Less than $40K,Silver,45,6,3,3,12207,0,12207,0.319,5838,74,1.056,0
79,no,42,F,1,Graduate,Single,Less than $40K,Blue,36,4,3,1,3595,1904,1691,0.891,5025,84,0.647,0.53
80,no,41,M,3,Post-Graduate,Divorced,$120K +,Blue,29,6,1,3,3491,2506,985,0.873,4855,79,0.58,0.718
81,no,61,M,1,Graduate,Married,$40K - $60K,Blue,50,6,2,4,2531,2360,171,0.955,1263,35,0.591,0.932
82,no,45,F,4,Graduate,Married,Unknown,Blue,35,6,3,0,2801,2043,758,0.583,1241,46,0.643,0.729
83,no,46,M,3,High School,Married,$80K - $120K,Blue,36,6,3,3,2790,2185,605,0.671,3392,86,0.755,0.783
84,no,39,F,3,Doctorate,Unknown,$40K - $60K,Blue,28,5,3,0,7262,1466,5796,0.512,1438,28,0.556,0.202
85,no,36,F,2,Graduate,Single,Less than $40K,Blue,36,6,4,0,2051,1154,897,0.605,3912,79,0.717,0.563
86,no,55,F,3,College,Single,Less than $40K,Blue,42,5,2,1,1438.3,0,1438.3,0.612,4660,87,0.891,0
87,no,46,F,2,Graduate,Single,Unknown,Blue,31,5,2,3,8243,927,7316,0.568,4503,90,0.765,0.112
88,no,45,F,3,Post-Graduate,Divorced,Less than $40K,Blue,28,3,4,3,5216,1519,3697,0.887,3434,49,0.69,0.291
89,no,54,F,4,College,Single,Unknown,Blue,48,3,2,2,9723,1307,8416,0.803,4043,76,0.9,0.134
90,no,44,F,3,Uneducated,Single,Unknown,Blue,34,5,2,2,10100,0,10100,0.525,1052,18,1.571,0
91,no,26,F,1,High School,Single,Less than $40K,Blue,13,3,2,3,2404,1198,1206,0.501,2692,63,0.5,0.498
92,no,39,M,5,College,Married,$80K - $120K,Blue,29,3,3,4,34198,1804,32394,0.934,4270,59,0.639,0.053
93,no,33,F,2,Uneducated,Unknown,Less than $40K,Blue,21,5,1,4,1475,986,489,0.896,1896,33,0.833,0.668
94,no,56,M,1,Uneducated,Married,$80K - $120K,Blue,36,6,1,1,9031,1535,7496,0.69,1602,35,0.591,0.17
95,no,53,F,2,Post-Graduate,Single,Unknown,Blue,41,2,2,3,15101,1396,13705,0.692,13545,96,0.655,0.092
96,no,38,M,2,Unknown,Married,$40K - $60K,Blue,31,3,2,2,2919,2192,727,1.073,2399,57,0.966,0.751
97,no,51,M,3,Graduate,Married,$80K - $120K,Blue,39,1,2,1,7088,1750,5338,0.618,4691,76,0.727,0.247
98,no,44,M,4,Unknown,Married,$60K - $80K,Blue,38,3,1,3,2440,1501,939,0.744,4382,88,0.66,0.615
99,yes,47,F,1,Graduate,Married,$40K - $60K,Blue,35,3,3,5,1438.3,0,1438.3,0.809,2276,40,0.538,0
100,no,44,M,2,Uneducated,Single,$40K - $60K,Blue,28,3,1,2,11627,0,11627,0.638,3264,67,0.396,0
101,no,38,F,4,College,Single,Less than $40K,Blue,27,2,3,3,1438.3,0,1438.3,0.721,4564,79,0.717,0
102,yes,42,F,4,High School,Married,Less than $40K,Blue,32,6,3,3,3454,0,3454,0.862,2826,39,0.625,0
103,no,38,F,2,Graduate,Married,Less than $40K,Blue,31,6,3,3,3222,0,3222,0.786,5154,80,0.778,0
104,no,46,F,3,Graduate,Divorced,Unknown,Blue,36,1,3,2,3515,0,3515,0.876,15079,116,0.841,0
105,no,52,F,3,Unknown,Married,Less than $40K,Blue,38,1,2,3,3281,911,2370,0.665,4431,67,1.094,0.278
106,no,48,M,4,Graduate,Married,$80K - $120K,Blue,34,1,1,1,34516,738,33778,0.719,15143,121,0.635,0.021
107,yes,30,M,2,Graduate,Married,Less than $40K,Silver,18,1,1,3,10017,726,9291,0.924,9299,68,0.619,0.072
108,no,60,F,1,Graduate,Single,$40K - $60K,Blue,42,3,2,1,3334,1151,2183,0.752,4791,101,0.629,0.345
109,no,46,M,2,Graduate,Married,$60K - $80K,Blue,34,4,2,0,9451,1280,8171,0.681,3179,79,0.975,0.135
110,no,40,F,4,Post-Graduate,Single,$40K - $60K,Blue,28,2,1,2,11642,1501,10141,0.935,9137,92,0.586,0.129
111,no,41,M,3,High School,Married,$80K - $120K,Blue,35,6,1,2,34516,1202,33314,0.603,1353,33,0.737,0.035
112,no,52,F,4,Graduate,Married,Less than $40K,Blue,45,1,1,3,3705,2168,1537,0.662,4452,89,0.894,0.585
113,no,46,M,2,College,Single,$80K - $120K,Blue,41,4,2,0,21526,2332,19194,0.755,1313,37,0.609,0.108
114,no,40,F,3,College,Single,Less than $40K,Blue,33,5,3,1,7207,2002,5205,0.828,3825,70,0.707,0.278
115,no,31,F,0,Uneducated,Divorced,Less than $40K,Silver,23,2,2,1,10850,1873,8977,0.995,13794,127,0.789,0.173
116,no,46,F,4,Graduate,Divorced,$40K - $60K,Blue,39,3,1,1,2477,1480,997,0.826,5138,77,0.974,0.597
117,no,34,F,3,Graduate,Married,Less than $40K,Blue,23,5,3,3,2263,1794,469,0.794,2154,37,0.542,0.793
118,no,50,F,4,College,Married,Unknown,Blue,36,6,4,3,3862,0,3862,0.578,4058,81,0.723,0
119,yes,49,M,2,Graduate,Unknown,$80K - $120K,Blue,38,3,4,3,34516,0,34516,0.482,1592,35,0.346,0
120,yes,47,F,2,High School,Married,Less than $40K,Blue,39,5,3,3,3899,0,3899,0.718,2182,40,0.429,0
121,no,45,M,3,High School,Married,$40K - $60K,Silver,33,3,2,1,16928,1519,15409,0.894,3355,66,0.886,0.09
122,no,33,M,2,Unknown,Single,$120K +,Blue,15,4,2,2,25033,2300,22733,0.716,2529,71,0.578,0.092
123,no,61,M,0,High School,Married,$80K - $120K,Blue,50,4,1,3,2800,2448,352,0.549,1433,40,0.481,0.874
124,no,36,M,4,Doctorate,Married,$60K - $80K,Blue,17,5,2,4,2803,1848,955,0.614,1968,64,0.524,0.659
125,no,55,F,2,Unknown,Married,Unknown,Blue,50,6,1,4,11341,0,11341,0.412,1731,46,0.586,0
126,no,50,M,0,High School,Married,$80K - $120K,Blue,30,3,4,2,4252,0,4252,0.478,1598,45,0.324,0
127,no,51,F,2,Unknown,Married,Less than $40K,Blue,39,3,1,2,6462,2517,3945,0.842,4156,77,0.833,0.39
128,yes,56,F,1,High School,Single,Less than $40K,Blue,48,1,5,2,3556,0,3556,0.596,2220,45,0.731,0
129,no,57,M,2,Unknown,Single,$80K - $120K,Blue,36,3,3,2,3127,2517,610,0.589,1470,30,1.143,0.805
130,no,41,F,3,Uneducated,Single,Unknown,Blue,29,6,3,3,2429,1966,463,1.046,4775,84,0.787,0.809
131,no,31,M,1,Unknown,Married,Less than $40K,Blue,36,3,3,3,1868,1515,353,1.359,2229,35,0.667,0.811
132,no,39,F,2,Unknown,Single,Unknown,Blue,28,6,2,2,1493,792,701,0.688,4131,80,0.702,0.53
133,yes,42,F,2,Post-Graduate,Single,$40K - $60K,Blue,34,3,3,3,5667,812,4855,0.62,2064,42,0.4,0.143
134,no,38,M,1,Uneducated,Unknown,$120K +,Blue,21,4,2,3,28043,1786,26257,0.802,14521,109,0.847,0.064
135,no,51,F,1,Graduate,Married,Less than $40K,Blue,40,3,3,0,2774,1362,1412,0.866,4802,91,0.685,0.491
136,no,42,M,3,Uneducated,Unknown,Less than $40K,Blue,35,4,5,0,6218,2134,4084,1.25,2086,50,0.786,0.343
137,no,37,M,2,High School,Single,$60K - $80K,Blue,21,5,2,2,3433,964,2469,0.526,4444,87,0.642,0.281
138,no,43,M,3,Graduate,Married,$120K +,Blue,33,3,1,3,34516,2129,32387,0.587,1463,38,0.583,0.062
139,no,44,F,5,Unknown,Single,Less than $40K,Blue,24,4,3,3,2003,1224,779,0.646,1756,42,0.355,0.611
140,no,56,F,1,College,Married,Less than $40K,Blue,36,6,2,3,2641,1257,1384,0.891,1439,39,1.053,0.476
141,no,43,M,3,Graduate,Single,$60K - $80K,Blue,30,3,2,4,19711,0,19711,1.037,3602,72,1,0
142,no,45,F,1,Unknown,Married,Less than $40K,Blue,33,6,3,2,1438.3,1201,237.3,0.749,4851,86,0.72,0.835
143,no,48,M,4,High School,Unknown,$60K - $80K,Blue,30,3,3,2,14670,1900,12770,0.806,4221,83,0.766,0.13
144,no,47,M,3,Uneducated,Married,$60K - $80K,Blue,36,2,3,1,11919,2347,9572,0.842,8257,96,0.574,0.197
145,no,57,F,3,High School,Single,Less than $40K,Blue,53,1,3,2,3029,2214,815,0.7,4750,89,0.978,0.731
146,no,45,M,4,Uneducated,Single,$80K - $120K,Blue,35,2,2,2,11318,2082,9236,0.733,7179,93,0.632,0.184
147,no,48,F,2,Doctorate,Married,$40K - $60K,Blue,36,1,2,2,9074,1648,7426,0.727,14084,110,0.803,0.182
148,yes,43,F,3,High School,Divorced,Less than $40K,Blue,38,3,3,3,7084,0,7084,0.523,2287,44,0.294,0
149,no,46,F,0,Graduate,Single,Unknown,Blue,34,6,1,2,9216,2059,7157,0.763,3630,78,0.56,0.223
150,yes,55,F,3,High School,Single,$40K - $60K,Blue,47,5,4,3,2687,1689,998,0.714,2370,34,0.789,0.629
151,no,30,M,0,College,Married,$60K - $80K,Blue,25,2,3,1,19534,0,19534,0.616,15634,118,0.639,0
152,no,47,M,2,Uneducated,Single,$80K - $120K,Blue,36,3,2,2,34516,1264,33252,0.774,7827,77,0.54,0.037
153,no,50,M,1,Unknown,Married,$80K - $120K,Blue,45,5,2,2,33951,0,33951,0.822,1567,44,0.467,0
154,no,45,M,4,College,Divorced,$80K - $120K,Blue,37,6,5,1,1535,0,1535,0.77,5168,76,0.81,0
155,no,40,F,4,Unknown,Single,Less than $40K,Blue,32,6,1,1,2594,2159,435,0.792,3872,71,0.511,0.832
156,no,35,F,0,Unknown,Married,Less than $40K,Blue,22,2,2,3,3009,2517,492,0.735,5329,82,0.745,0.836
157,no,35,M,2,Uneducated,Single,$60K - $80K,Blue,21,4,3,3,7766,1278,6488,0.806,2423,74,0.609,0.165
158,no,37,F,1,High School,Single,Unknown,Blue,36,3,2,3,6730,1093,5637,1.01,4814,89,0.854,0.162
159,no,35,M,3,Graduate,Single,$40K - $60K,Silver,17,6,3,2,16659,0,16659,1.012,2551,74,0.609,0
160,no,51,M,1,Unknown,Married,$60K - $80K,Blue,36,3,2,4,22224,979,21245,1.255,3346,69,1.156,0.044
161,yes,57,F,3,Uneducated,Single,Less than $40K,Blue,51,3,0,3,1438.3,0,1438.3,0.429,2113,38,0.267,0
162,no,52,M,2,Graduate,Single,$120K +,Blue,37,2,3,2,14543,0,14543,0.788,1536,37,0.423,0
163,no,62,F,0,Graduate,Single,Unknown,Blue,45,2,2,3,10503,0,10503,0.886,4755,88,0.725,0
164,no,49,F,4,High School,Married,Less than $40K,Blue,42,4,1,4,2473,1263,1210,0.71,4597,80,0.6,0.511
165,no,55,M,2,Graduate,Single,$80K - $120K,Blue,46,5,5,2,4994,0,4994,0.717,4802,81,0.761,0
166,no,49,M,2,Doctorate,Divorced,$80K - $120K,Blue,36,3,3,1,25178,1803,23375,0.767,7836,87,0.582,0.072
167,yes,47,M,3,Unknown,Unknown,$120K +,Blue,36,1,3,4,3952,0,3952,0.809,2066,37,0.233,0
168,no,61,M,1,Uneducated,Single,$60K - $80K,Blue,46,5,3,2,2201,1138,1063,0.675,1199,32,0.6,0.517
169,no,42,M,3,High School,Single,$40K - $60K,Blue,37,3,3,3,2247,1045,1202,0.952,1300,31,0.55,0.465
170,no,37,F,2,High School,Single,Less than $40K,Blue,36,6,2,4,3586,1414,2172,0.745,2780,57,0.727,0.394
171,no,33,F,3,Uneducated,Married,Less than $40K,Blue,16,6,1,4,2042,1864,178,1.318,2758,50,0.852,0.913
172,no,40,F,2,Uneducated,Single,Less than $40K,Blue,27,2,6,2,1965,0,1965,0.608,4268,91,0.857,0
173,yes,56,M,1,Graduate,Married,$80K - $120K,Blue,50,3,6,3,8688,0,8688,0.426,2361,41,0.464,0
174,no,59,F,1,College,Unknown,Less than $40K,Blue,49,6,5,4,4072,0,4072,0.464,1966,43,1.15,0
175,yes,43,F,4,Graduate,Single,Less than $40K,Blue,32,4,3,1,3015,0,3015,1.058,5372,75,0.596,0
176,no,51,F,1,Graduate,Single,Less than $40K,Blue,37,4,3,4,4402,697,3705,0.7,3325,76,0.652,0.158
177,yes,49,F,3,High School,Married,Unknown,Silver,36,2,3,3,34516,1273,33243,0.977,4777,51,0.457,0.037
178,no,49,F,2,Unknown,Single,Less than $40K,Blue,44,5,2,3,9797,998,8799,0.886,15013,116,0.841,0.102
179,no,43,F,3,Doctorate,Married,Less than $40K,Blue,29,4,2,3,3186,2517,669,0.59,4197,84,0.909,0.79
180,no,41,F,4,High School,Single,Less than $40K,Blue,31,3,1,0,5773,0,5773,0.67,1306,39,0.5,0
181,no,59,M,0,Graduate,Single,$60K - $80K,Blue,53,4,2,2,4386,2505,1881,0.806,4064,65,0.806,0.571
182,no,45,F,3,High School,Single,Less than $40K,Blue,34,2,3,2,2976,2372,604,0.772,4799,83,0.729,0.797
183,no,50,M,2,High School,Single,$60K - $80K,Blue,40,6,2,2,5180,1211,3969,0.809,3447,74,0.85,0.234
184,no,44,F,4,College,Married,Less than $40K,Blue,36,6,3,2,1438.3,0,1438.3,0.651,4257,89,0.648,0
185,no,54,F,3,High School,Married,Less than $40K,Blue,36,1,1,1,3173,1822,1351,0.801,4883,71,0.614,0.574
186,no,55,F,2,College,Married,Less than $40K,Blue,45,5,2,4,1850,942,908,0.757,4134,78,0.625,0.509
187,no,47,F,4,Graduate,Married,Less than $40K,Blue,39,3,3,2,3144,0,3144,0.561,3774,80,0.818,0
188,yes,53,M,4,Graduate,Married,$120K +,Blue,38,5,2,3,34516,0,34516,0.854,8417,72,0.714,0
189,yes,56,F,5,Unknown,Single,Less than $40K,Blue,36,6,3,5,4668,2517,2151,1.062,8331,63,0.853,0.539
190,yes,43,F,3,High School,Single,$40K - $60K,Blue,34,1,3,2,1654,1474,180,0.586,2086,47,0.621,0.891
191,no,29,M,0,Graduate,Married,Less than $40K,Blue,15,3,1,5,4700,0,4700,0.617,14723,96,0.655,0
192,no,47,F,3,Unknown,Single,Less than $40K,Blue,36,4,1,4,2798,1963,835,0.805,4255,64,0.561,0.702
193,no,37,F,1,College,Single,$40K - $60K,Blue,32,4,2,3,1976,0,1976,0.812,4424,73,0.659,0
194,no,47,F,3,Unknown,Single,Unknown,Blue,40,1,3,0,7114,1637,5477,0.699,4758,81,0.5,0.23
195,no,45,F,2,Graduate,Single,Unknown,Blue,36,4,1,1,1785,0,1785,0.649,4964,82,0.907,0
196,no,49,F,2,Uneducated,Married,Less than $40K,Blue,36,3,4,1,2505,0,2505,0.62,4109,61,0.743,0
197,yes,38,M,3,College,Single,$40K - $60K,Blue,19,1,2,4,3458,321,3137,0.586,2256,40,0.29,0.093
198,yes,37,M,2,Graduate,Single,$120K +,Blue,25,3,3,0,5616,0,5616,0.995,1564,31,0.476,0
199,no,38,F,4,Graduate,Married,Less than $40K,Blue,36,4,3,3,1860,0,1860,0.992,1731,29,0.611,0
200,no,35,F,0,Unknown,Married,Less than $40K,Blue,24,6,1,1,2592,2227,365,0.633,1695,48,0.548,0.859
201,yes,40,F,3,Graduate,Married,Unknown,Blue,25,1,2,3,6888,1878,5010,1.059,9038,64,0.829,0.273
202,yes,45,M,5,College,Single,$40K - $60K,Blue,36,4,3,3,4982,0,4982,0.886,8586,58,1,0
203,no,50,F,1,High School,Married,Less than $40K,Blue,44,4,2,1,3222,1422,1800,0.662,4613,72,0.6,0.441
204,no,65,M,1,High School,Single,Less than $40K,Blue,54,3,1,3,4599,1438,3161,0.832,4208,69,0.865,0.313
205,no,44,F,3,Graduate,Single,Unknown,Blue,37,3,2,1,4703,1555,3148,0.932,4127,89,0.648,0.331
206,no,42,F,3,Uneducated,Divorced,Less than $40K,Blue,28,6,2,4,2029,1377,652,0.838,4014,86,0.686,0.679
207,no,39,M,4,High School,Married,$80K - $120K,Blue,25,6,2,3,8208,0,8208,1.568,3135,39,1.167,0
208,no,44,M,1,Graduate,Married,$80K - $120K,Gold,29,2,1,3,34516,942,33574,0.75,7665,86,0.593,0.027
209,no,37,M,3,High School,Married,$60K - $80K,Blue,32,6,2,2,2253,1667,586,0.884,1641,45,0.667,0.74
210,yes,38,F,2,Graduate,Unknown,Less than $40K,Blue,36,2,3,2,2369,0,2369,0.51,1924,48,0.548,0
211,no,42,M,3,Graduate,Married,$40K - $60K,Gold,36,3,2,5,23981,1399,22582,0.712,14840,125,0.761,0.058
212,no,56,M,1,Graduate,Married,$120K +,Blue,48,6,3,4,2585,1207,1378,0.44,1590,33,0.32,0.467
213,no,29,M,1,Graduate,Married,Less than $40K,Blue,18,4,1,4,2710,629,2081,0.771,1718,37,0.762,0.232
214,no,49,F,3,Post-Graduate,Married,$40K - $60K,Blue,36,5,2,1,1994,0,1994,0.829,4434,69,0.568,0
215,no,56,F,2,Uneducated,Single,$40K - $60K,Blue,48,6,2,2,2941,1619,1322,0.9,5000,87,0.673,0.55
216,no,46,M,2,High School,Married,$40K - $60K,Blue,40,3,3,0,3981,0,3981,0.626,14340,114,0.781,0
217,yes,46,F,3,Graduate,Married,Less than $40K,Blue,34,3,3,1,1438.3,0,1438.3,0.714,2658,43,0.654,0
218,no,41,M,4,Graduate,Unknown,$40K - $60K,Blue,24,4,2,2,1605,0,1605,0.637,4418,68,0.659,0
219,no,40,F,3,Uneducated,Single,Less than $40K,Blue,30,5,1,2,1625,912,713,0.877,3968,73,0.698,0.561
220,no,59,M,0,Unknown,Married,Less than $40K,Blue,51,5,3,4,1570,1028,542,0.742,1430,28,1.333,0.655
221,no,44,F,2,Doctorate,Divorced,Less than $40K,Blue,34,3,1,2,2406,1491,915,0.606,4625,91,0.685,0.62
222,no,44,M,3,Unknown,Married,$40K - $60K,Blue,36,4,2,3,9465,0,9465,0.657,3675,59,1.107,0
223,no,38,F,2,Unknown,Single,$40K - $60K,Blue,29,5,3,2,3276,2331,945,0.567,4345,68,0.511,0.712
224,no,42,F,2,Post-Graduate,Unknown,Less than $40K,Blue,31,3,2,2,3809,1165,2644,0.634,2306,46,0.643,0.306
225,no,62,F,0,Unknown,Single,$40K - $60K,Blue,56,6,1,2,4467,0,4467,0.888,4007,74,0.542,0
226,yes,41,F,3,Uneducated,Unknown,Unknown,Blue,36,2,3,1,13733,0,13733,0.325,1591,30,0.875,0
227,no,40,F,5,Graduate,Single,Less than $40K,Blue,29,3,2,4,4205,2517,1688,0.652,4256,69,0.725,0.599
228,no,45,M,3,Unknown,Married,$80K - $120K,Blue,38,3,1,2,23973,0,23973,0.779,3560,71,0.511,0
229,yes,44,F,1,Graduate,Single,Less than $40K,Blue,25,3,2,4,3101,0,3101,0.66,2512,37,0.37,0
230,no,42,F,3,Graduate,Married,Less than $40K,Blue,37,4,2,1,2730,1303,1427,1.308,4750,76,0.9,0.477
231,no,41,M,2,Uneducated,Single,$40K - $60K,Blue,27,2,3,1,13409,1255,12154,0.742,15573,99,0.768,0.094
232,no,43,M,4,Uneducated,Married,$60K - $80K,Silver,30,1,3,1,29856,1576,28280,0.8,14887,119,0.545,0.053
233,no,38,M,1,Unknown,Single,$60K - $80K,Blue,29,5,2,1,14596,2192,12404,0.898,1300,25,1.083,0.15
234,no,49,F,3,Graduate,Single,Unknown,Blue,42,4,2,3,4349,1400,2949,0.641,4694,84,0.75,0.322
235,no,44,M,3,High School,Single,$80K - $120K,Blue,35,3,3,4,18358,1044,17314,0.524,3920,85,0.491,0.057
236,no,62,M,0,Uneducated,Single,$60K - $80K,Blue,50,5,2,2,14314,656,13658,0.822,4355,70,0.667,0.046
237,no,38,M,1,Uneducated,Unknown,$40K - $60K,Blue,18,3,3,3,3523,1379,2144,0.71,15108,118,0.71,0.391
238,no,48,F,3,Post-Graduate,Married,$40K - $60K,Blue,37,4,1,2,6725,493,6232,0.72,13891,106,0.606,0.073
239,no,46,F,4,Graduate,Married,Unknown,Blue,32,2,1,1,5798,680,5118,0.708,5027,82,0.64,0.117
240,yes,35,M,4,Graduate,Married,$80K - $120K,Blue,24,6,3,4,12634,0,12634,0.323,717,18,0.286,0
241,no,55,F,2,Post-Graduate,Married,Less than $40K,Blue,45,3,3,3,2163,0,2163,0.816,1349,47,0.88,0
242,yes,39,M,4,Post-Graduate,Married,$120K +,Blue,29,6,3,3,8700,1742,6958,0.454,2306,50,0.613,0.2
243,no,47,M,3,Graduate,Single,$80K - $120K,Blue,37,3,3,2,5116,1468,3648,0.91,2361,49,0.633,0.287
244,no,50,M,2,Graduate,Married,$60K - $80K,Blue,39,4,1,4,6508,2276,4232,1.008,4254,77,0.711,0.35
245,no,61,M,0,High School,Divorced,$60K - $80K,Blue,51,6,3,4,5852,1935,3917,0.829,3689,55,0.618,0.331
246,no,49,M,4,High School,Married,$60K - $80K,Blue,36,6,3,2,12938,661,12277,0.725,1282,32,0.778,0.051
247,yes,41,M,5,Uneducated,Single,$80K - $120K,Blue,32,4,3,3,12094,0,12094,0.995,8607,90,0.957,0
248,no,52,F,3,Post-Graduate,Married,$40K - $60K,Blue,33,3,2,0,3900,0,3900,1.092,4337,81,0.8,0
249,no,45,F,5,Post-Graduate,Married,Unknown,Blue,29,5,3,1,2555,681,1874,0.576,4888,78,0.814,0.267
250,no,49,F,5,High School,Divorced,Less than $40K,Blue,42,5,2,3,1972,1489,483,0.69,4715,66,0.65,0.755
251,no,50,F,3,Uneducated,Married,Less than $40K,Blue,34,2,2,2,4060,2336,1724,0.943,5173,87,0.706,0.575
252,yes,41,F,4,Graduate,Divorced,$40K - $60K,Blue,33,1,3,1,10360,2517,7843,0.632,2414,28,0.273,0.243
253,no,46,M,2,Graduate,Unknown,$120K +,Blue,34,1,3,2,24431,892,23539,0.417,3457,66,0.571,0.037
254,no,34,F,2,Unknown,Single,Less than $40K,Blue,36,3,3,2,2791,2160,631,0.825,2214,56,0.6,0.774
255,no,42,F,3,Graduate,Married,Less than $40K,Blue,23,4,2,3,2797,1943,854,0.899,4917,66,0.784,0.695
256,no,45,F,2,Unknown,Single,Less than $40K,Blue,27,6,3,3,1438.3,0,1438.3,0.683,2598,59,0.595,0
257,no,46,M,4,College,Single,$60K - $80K,Blue,34,5,3,4,2369,1405,964,0.624,3034,51,0.889,0.593
258,no,44,M,5,Graduate,Single,$60K - $80K,Blue,34,3,3,5,13477,2057,11420,0.684,3866,67,0.634,0.153
259,no,36,F,1,Post-Graduate,Married,Less than $40K,Blue,23,6,3,3,3107,2354,753,1.248,2720,48,1.182,0.758
260,no,49,F,4,Graduate,Unknown,Less than $40K,Blue,36,6,4,2,3298,2200,1098,0.678,1052,32,0.6,0.667
261,no,51,F,4,Uneducated,Divorced,Less than $40K,Blue,40,5,4,3,1562,1057,505,0.807,5019,78,0.696,0.677
262,no,64,F,0,Uneducated,Married,Unknown,Blue,54,6,1,2,3250,1992,1258,0.715,1355,36,0.565,0.613
263,no,46,M,3,College,Married,$120K +,Blue,40,6,3,3,1438.3,0,1438.3,0.681,4833,69,0.769,0
264,no,48,F,3,High School,Single,Less than $40K,Blue,40,1,3,3,3520,2149,1371,0.539,3630,78,0.696,0.611
265,no,60,F,2,Uneducated,Unknown,$40K - $60K,Blue,52,4,3,2,2676,1740,936,0.735,3863,69,0.725,0.65
266,no,38,F,1,High School,Married,$40K - $60K,Blue,19,1,1,2,5559,1600,3959,0.716,5344,82,0.864,0.288
267,no,52,F,1,Graduate,Married,Less than $40K,Blue,38,3,1,3,3773,1291,2482,0.878,4697,75,0.667,0.342
268,no,51,F,2,Graduate,Single,$40K - $60K,Blue,45,5,1,3,1438.3,869,569.3,0.791,4124,59,0.967,0.604
269,no,56,F,0,Unknown,Single,Less than $40K,Blue,36,5,4,2,3033,0,3033,0.89,4921,90,0.698,0
270,no,52,M,2,High School,Single,$120K +,Blue,46,4,2,4,34516,0,34516,0.775,4037,87,0.706,0
271,no,58,M,4,Graduate,Single,$120K +,Blue,52,6,1,0,32090,0,32090,0.567,1368,30,0.364,0
272,no,62,M,0,Graduate,Married,$60K - $80K,Blue,51,3,2,0,5450,967,4483,0.701,1526,45,0.8,0.177
273,no,54,F,2,Graduate,Married,$40K - $60K,Blue,41,3,1,3,7362,1176,6186,0.735,17390,130,0.688,0.16
274,no,42,F,2,Uneducated,Married,Unknown,Blue,32,5,5,3,4708,0,4708,0.718,4597,89,0.679,0
275,no,47,F,1,Uneducated,Single,$40K - $60K,Blue,34,5,1,3,2099,1164,935,0.717,4471,80,0.667,0.555
276,no,57,M,4,High School,Married,$80K - $120K,Blue,38,4,1,3,15428,1553,13875,0.747,1916,40,0.538,0.101
277,no,46,M,3,Unknown,Married,$80K - $120K,Blue,33,4,1,3,34516,1099,33417,0.816,15490,110,0.618,0.032
278,no,48,M,3,Graduate,Married,$40K - $60K,Blue,33,3,1,2,6223,2126,4097,0.681,4518,79,0.795,0.342
279,no,55,M,2,Graduate,Married,$120K +,Blue,50,3,2,0,10916,1536,9380,1.317,1592,34,1,0.141
280,no,50,M,2,Graduate,Single,$120K +,Blue,36,3,2,2,34516,1023,33493,1.004,1064,13,0.625,0.03
281,yes,45,M,4,Doctorate,Married,$60K - $80K,Blue,37,1,2,2,13093,2517,10576,0.426,2032,39,0.444,0.192
282,no,40,F,5,Graduate,Married,Unknown,Silver,24,2,1,2,33441,686,32755,0.761,8452,83,0.509,0.021
283,no,54,M,2,College,Married,$120K +,Blue,46,6,1,2,28465,0,28465,0.696,1693,37,1.056,0
284,no,51,M,4,Uneducated,Single,$120K +,Blue,45,6,2,3,12101,2517,9584,0.733,2086,44,0.76,0.208
285,no,47,F,4,High School,Married,Less than $40K,Blue,36,1,3,1,3216,1480,1736,0.733,14178,123,0.809,0.46
286,no,27,F,0,Graduate,Single,Less than $40K,Blue,36,6,1,2,1677,1598,79,0.994,2389,43,0.536,0.953
287,no,59,F,0,Post-Graduate,Single,Less than $40K,Blue,48,4,2,2,3030,1251,1779,0.694,4724,71,0.775,0.413
288,no,47,F,5,High School,Single,Less than $40K,Blue,33,5,2,2,2169,1330,839,0.905,3833,64,1.065,0.613
289,no,52,F,2,High School,Single,Less than $40K,Blue,40,3,1,3,1960,1428,532,0.57,3782,64,0.641,0.729
290,yes,44,F,3,Unknown,Divorced,Less than $40K,Blue,32,3,3,2,1693,1457,236,0.919,2829,42,0.615,0.861
291,no,46,F,2,Graduate,Married,$40K - $60K,Blue,22,6,1,3,2305,1627,678,0.747,1230,36,0.565,0.706
292,no,26,F,1,Unknown,Single,Unknown,Blue,15,3,4,3,5464,0,5464,0.7,2473,46,0.484,0
293,no,39,F,4,Unknown,Married,Unknown,Blue,21,2,3,2,1827,0,1827,0.563,4207,86,0.792,0
294,no,61,M,0,High School,Single,$60K - $80K,Blue,51,4,2,2,5504,1412,4092,0.722,1290,38,0.462,0.257
295,no,54,M,2,Graduate,Divorced,$80K - $120K,Blue,48,2,3,2,29974,2114,27860,0.925,15190,115,0.855,0.071
296,no,51,M,1,Graduate,Married,$40K - $60K,Silver,36,6,2,2,17905,980,16925,0.731,4399,64,0.778,0.055
297,no,53,F,1,Graduate,Single,Less than $40K,Blue,43,6,3,2,2172,644,1528,0.673,4657,82,0.907,0.297
298,no,48,M,4,Graduate,Married,$80K - $120K,Blue,40,1,1,3,28307,1506,26801,0.818,9042,122,0.605,0.053
299,yes,50,F,1,Post-Graduate,Married,$40K - $60K,Blue,41,6,3,3,1694,479,1215,0.838,2349,42,0.312,0.283
300,no,33,F,1,High School,Married,Unknown,Blue,36,3,2,2,2279,1432,847,0.855,4169,74,0.947,0.628
301,no,45,F,4,Graduate,Married,Unknown,Blue,36,2,2,2,4146,2027,2119,0.74,4323,64,0.684,0.489
302,no,44,F,5,Uneducated,Single,Less than $40K,Blue,36,1,3,1,7742,1163,6579,0.729,9081,100,0.852,0.15
303,no,35,F,1,Graduate,Single,$40K - $60K,Blue,16,3,2,2,2546,1348,1198,0.877,4145,75,0.596,0.529
304,no,43,M,2,Uneducated,Divorced,$120K +,Silver,24,4,2,0,34516,1938,32578,0.426,1215,45,0.406,0.056
305,no,50,F,3,Graduate,Married,$40K - $60K,Blue,39,4,3,3,1844,1388,456,0.901,5056,81,0.8,0.753
306,no,62,F,0,Graduate,Single,Unknown,Silver,49,5,1,2,30310,0,30310,0.777,3703,91,0.492,0
307,no,49,F,3,High School,Married,Less than $40K,Blue,36,3,1,3,4476,1492,2984,0.933,4603,87,0.706,0.333
308,no,31,M,1,Post-Graduate,Single,$40K - $60K,Blue,20,5,3,3,13734,0,13734,0.855,2566,74,0.762,0
309,no,56,F,2,Graduate,Single,Unknown,Blue,48,5,3,2,3934,2517,1417,0.682,4837,87,0.673,0.64
310,no,38,M,2,Unknown,Divorced,$80K - $120K,Blue,33,6,3,2,11777,1781,9996,0.565,2763,62,0.879,0.151
311,no,41,F,3,High School,Married,Less than $40K,Blue,15,1,1,2,4662,0,4662,0.661,4931,81,0.841,0
312,no,37,F,1,Graduate,Single,Less than $40K,Blue,28,4,3,3,1438.3,599,839.3,0.897,5136,76,0.9,0.416
313,no,54,F,0,Graduate,Married,Less than $40K,Blue,36,1,2,3,1740,0,1740,0.811,4751,93,0.86,0
314,yes,43,F,3,Unknown,Single,$40K - $60K,Silver,36,2,3,4,19713,531,19182,0.792,8301,70,0.591,0.027
315,yes,37,F,2,Graduate,Divorced,Less than $40K,Blue,30,3,3,4,3328,2517,811,0.553,2196,47,0.621,0.756
316,no,52,F,2,College,Married,Unknown,Blue,45,5,1,2,2737,1719,1018,0.657,4725,63,0.615,0.628
317,yes,34,M,2,High School,Married,$80K - $120K,Blue,25,6,2,0,1439,0,1439,0.89,2932,44,0.913,0
318,no,45,M,3,Graduate,Divorced,$60K - $80K,Blue,35,6,3,2,5065,1362,3703,0.68,3555,75,0.471,0.269
319,no,41,M,4,College,Married,$80K - $120K,Blue,22,1,2,3,5037,1670,3367,0.787,4379,67,0.811,0.332
320,no,38,M,3,College,Single,$60K - $80K,Silver,32,4,2,2,30082,1671,28411,0.707,15240,126,0.8,0.056
321,no,54,M,1,Post-Graduate,Single,$80K - $120K,Blue,40,6,3,3,10260,942,9318,1.042,1566,50,0.562,0.092
322,no,45,M,3,Graduate,Married,$60K - $80K,Blue,25,3,3,2,9791,1311,8480,0.704,1649,59,0.513,0.134
323,no,45,M,2,Graduate,Married,$40K - $60K,Blue,36,2,1,3,3735,2113,1622,0.684,7059,82,0.577,0.566
324,no,44,M,2,Graduate,Married,$80K - $120K,Blue,36,3,3,2,12230,1196,11034,0.62,3659,76,0.52,0.098
325,no,43,M,2,Graduate,Single,$80K - $120K,Blue,36,4,1,4,13430,2356,11074,0.718,3717,67,0.675,0.175
326,no,38,M,5,Unknown,Married,$80K - $120K,Blue,26,5,1,2,16033,766,15267,0.682,15260,115,0.855,0.048
327,no,42,F,4,Graduate,Divorced,Unknown,Blue,36,3,3,1,2782,1782,1000,0.853,4669,93,0.755,0.641
328,no,51,M,2,Uneducated,Divorced,$80K - $120K,Blue,40,1,2,3,23453,0,23453,0.727,7555,96,0.574,0
329,no,52,M,2,College,Single,$60K - $80K,Blue,37,4,3,3,2749,1380,1369,0.937,3882,90,0.765,0.502
330,yes,57,M,4,Unknown,Divorced,$120K +,Blue,36,2,2,3,13694,2219,11475,1.078,9040,63,0.8,0.162
331,no,31,M,0,Graduate,Divorced,Less than $40K,Blue,36,4,3,2,3312,2491,821,0.62,2670,50,0.667,0.752
332,no,43,M,4,Unknown,Married,$40K - $60K,Blue,39,5,1,2,6111,2517,3594,0.632,1221,16,2.2,0.412
333,no,58,M,0,Doctorate,Single,Less than $40K,Blue,46,6,4,3,1438.3,0,1438.3,0.808,4082,82,0.822,0
334,no,40,M,3,Graduate,Married,$80K - $120K,Blue,21,3,2,0,1804,1040,764,1.002,5308,78,0.773,0.576
335,no,54,M,4,Graduate,Married,$60K - $80K,Blue,36,4,3,3,6905,2303,4602,0.712,1370,25,0.786,0.334
336,no,49,M,4,Doctorate,Single,$60K - $80K,Silver,37,5,2,2,30976,2051,28925,0.684,3193,69,0.725,0.066
337,no,48,F,3,Graduate,Married,$40K - $60K,Blue,36,4,2,2,5573,1238,4335,0.624,4348,90,0.837,0.222
338,yes,48,F,1,Uneducated,Single,$40K - $60K,Gold,28,3,2,1,23981,1454,22527,0.925,9140,64,0.684,0.061
339,no,41,F,2,High School,Married,$40K - $60K,Blue,36,5,2,4,2602,1490,1112,0.66,3151,78,0.66,0.573
340,no,47,F,4,Graduate,Single,$40K - $60K,Blue,37,4,1,1,1438.3,703,735.3,0.865,4341,80,0.951,0.489
341,no,48,M,3,Uneducated,Single,$40K - $60K,Blue,36,6,3,2,3786,0,3786,0.715,3403,70,0.489,0
342,no,34,M,1,Graduate,Married,$120K +,Blue,29,4,3,2,14938,1412,13526,0.677,1930,36,0.636,0.095
343,no,53,F,3,Uneducated,Single,Less than $40K,Blue,48,5,3,1,4908,1429,3479,0.745,3535,65,0.667,0.291
344,no,31,M,1,Unknown,Single,$40K - $60K,Blue,26,4,1,2,2037,0,2037,0.88,2563,64,0.641,0
345,no,56,F,3,High School,Married,Less than $40K,Blue,47,6,3,4,2865,2022,843,0.547,3441,66,0.65,0.706
346,no,45,M,0,Uneducated,Single,$80K - $120K,Blue,36,1,4,3,20356,2031,18325,0.752,15180,121,0.806,0.1
347,no,45,F,4,Uneducated,Married,Less than $40K,Blue,32,1,1,1,3335,2238,1097,0.644,5321,78,0.95,0.671
348,no,51,F,3,High School,Married,Less than $40K,Blue,35,6,1,3,3025,1912,1113,0.674,4626,78,0.773,0.632
349,yes,46,M,4,Unknown,Married,$80K - $120K,Blue,39,3,3,2,34516,289,34227,0.95,8964,76,1.054,0.008
350,no,60,F,0,College,Single,Less than $40K,Blue,48,5,1,3,1438.3,0,1438.3,0.653,4104,83,0.729,0
351,no,59,M,2,Graduate,Single,$40K - $60K,Blue,50,2,1,2,11808,0,11808,0.813,13751,113,0.823,0
352,no,50,F,2,Graduate,Married,Less than $40K,Blue,42,5,3,0,1770,1706,64,0.626,4940,94,0.774,0.964
353,no,50,F,3,Unknown,Single,Less than $40K,Blue,39,4,4,3,1852,0,1852,0.801,4339,82,0.783,0
354,no,58,M,1,High School,Married,$60K - $80K,Blue,47,3,1,4,2212,1392,820,0.573,1387,34,0.7,0.629
355,no,40,M,4,Graduate,Single,$60K - $80K,Blue,30,4,1,1,13919,1266,12653,0.438,3699,67,0.523,0.091
356,no,44,M,1,College,Single,$40K - $60K,Blue,40,6,1,2,4274,1680,2594,0.78,4820,60,0.765,0.393
357,no,49,F,2,Uneducated,Single,Unknown,Blue,40,2,3,1,2464,1601,863,0.649,4739,86,0.792,0.65
358,no,40,F,2,Graduate,Married,Unknown,Blue,29,5,2,2,18862,2105,16757,0.832,4449,86,0.686,0.112
359,no,39,M,1,Post-Graduate,Single,$40K - $60K,Blue,35,5,1,1,2623,2121,502,0.722,4078,70,0.795,0.809
360,no,36,M,2,High School,Married,$80K - $120K,Blue,26,4,2,4,15982,1691,14291,0.808,1687,40,0.739,0.106
361,no,49,F,3,Graduate,Married,Less than $40K,Blue,43,2,1,1,7037,0,7037,0.752,7678,93,0.691,0
362,yes,31,M,1,Post-Graduate,Single,$40K - $60K,Blue,24,4,2,4,4169,534,3635,0.836,8565,70,0.795,0.128
363,no,49,F,4,Uneducated,Single,Less than $40K,Blue,36,1,3,3,1544,999,545,0.786,4215,53,1.12,0.647
364,no,56,M,3,High School,Married,$60K - $80K,Blue,36,5,1,3,9226,1233,7993,1.521,1626,29,1.636,0.134
365,no,57,F,3,Graduate,Unknown,Less than $40K,Blue,36,2,2,1,3082,2507,575,0.687,7787,89,0.508,0.813
366,no,59,M,1,Unknown,Married,$60K - $80K,Blue,48,5,3,3,1438.3,642,796.3,0.926,5177,79,0.646,0.446
367,no,49,F,1,College,Married,Unknown,Blue,36,1,3,2,5039,2489,2550,0.875,4770,74,0.947,0.494
368,yes,50,F,4,Graduate,Single,Unknown,Blue,41,5,3,3,2509,0,2509,0.702,2281,41,0.367,0
369,no,54,F,2,Uneducated,Single,Less than $40K,Blue,41,5,2,4,1438.3,814,624.3,0.675,4217,72,0.5,0.566
370,no,47,F,3,Graduate,Single,Less than $40K,Blue,36,5,1,3,2049,1460,589,0.599,3514,79,0.646,0.713
371,no,49,M,4,Doctorate,Married,$40K - $60K,Blue,39,5,1,2,1438.3,0,1438.3,0.562,3691,77,0.51,0
372,no,50,F,2,High School,Divorced,Unknown,Blue,39,5,2,4,9716,874,8842,0.775,5007,91,0.655,0.09
373,no,42,M,1,Graduate,Married,$40K - $60K,Silver,34,3,3,2,15315,1613,13702,0.859,14728,100,0.754,0.105
374,no,56,F,2,Graduate,Married,Less than $40K,Blue,48,6,3,2,4366,1590,2776,0.475,1596,37,0.423,0.364
375,yes,51,M,5,Graduate,Divorced,$120K +,Blue,45,6,3,6,34516,0,34516,0.757,8173,91,1.022,0
376,no,62,F,0,Graduate,Single,Less than $40K,Blue,53,5,2,2,2616,801,1815,0.719,4655,68,0.511,0.306
377,no,48,F,3,Unknown,Divorced,Less than $40K,Blue,36,5,2,1,2680,1871,809,0.955,4592,78,0.902,0.698
378,yes,45,F,2,College,Divorced,$40K - $60K,Blue,39,4,3,4,3076,0,3076,0.734,2580,50,0.429,0
379,no,31,M,0,Graduate,Married,$80K - $120K,Blue,36,2,3,3,32791,1607,31184,0.752,13177,106,0.738,0.049
380,yes,48,F,4,High School,Married,Less than $40K,Blue,37,1,2,3,3607,0,3607,0.504,2013,35,0.458,0
381,yes,49,F,1,Uneducated,Married,$40K - $60K,Blue,41,4,3,3,1438.3,522,916.3,0.383,2030,37,0.37,0.363
382,no,46,F,2,College,Divorced,Less than $40K,Blue,31,6,1,2,1852,1428,424,0.795,4486,61,0.848,0.771
383,no,56,M,3,College,Married,$120K +,Blue,50,3,2,0,9689,2250,7439,0.576,1158,19,0.727,0.232
384,yes,31,F,1,Graduate,Divorced,Unknown,Blue,22,2,2,3,1623,0,1623,0.501,2126,45,0.364,0
385,no,50,F,2,Post-Graduate,Married,Less than $40K,Blue,36,1,2,2,3350,1335,2015,0.781,4906,89,0.561,0.399
386,yes,46,M,4,Graduate,Single,$80K - $120K,Blue,36,3,1,4,1818,0,1818,0.672,2308,44,0.467,0
387,no,45,M,4,High School,Married,$80K - $120K,Blue,40,6,2,3,6366,1344,5022,0.492,3258,58,0.758,0.211
388,no,60,F,1,Unknown,Single,Less than $40K,Blue,46,2,3,2,4628,2327,2301,0.611,4226,92,0.736,0.503
389,no,36,F,2,College,Unknown,Less than $40K,Blue,23,4,3,3,1924,971,953,0.806,4951,96,0.6,0.505
390,no,42,F,2,High School,Married,Less than $40K,Blue,31,3,5,2,3964,1218,2746,0.593,4580,75,1.419,0.307
391,no,53,F,3,Graduate,Single,Less than $40K,Blue,36,2,3,1,1438.3,630,808.3,0.667,4704,79,0.756,0.438
392,no,52,M,1,College,Married,$80K - $120K,Blue,48,4,3,3,2066,1601,465,0.742,1578,41,0.414,0.775
393,no,36,M,2,Post-Graduate,Single,$60K - $80K,Blue,30,4,2,4,1606,798,808,0.59,2229,45,1.045,0.497
394,yes,57,M,3,Graduate,Married,$60K - $80K,Blue,49,5,0,3,8701,215,8486,0.527,1999,41,0.414,0.025
395,no,39,F,0,High School,Single,Unknown,Blue,27,6,3,3,17531,0,17531,0.8,4563,61,0.743,0
396,no,49,M,1,Graduate,Single,$80K - $120K,Blue,36,6,2,2,18886,895,17991,1.826,1235,18,1.571,0.047
397,no,47,M,2,Graduate,Divorced,$60K - $80K,Blue,29,5,2,3,4786,1553,3233,0.61,5039,76,0.81,0.324
398,yes,57,M,2,Uneducated,Unknown,$80K - $120K,Blue,48,4,1,3,30543,264,30279,0.882,7784,63,0.703,0.009
399,no,45,M,3,Uneducated,Unknown,$60K - $80K,Blue,39,3,2,3,5996,865,5131,0.511,4542,77,0.481,0.144
400,no,30,F,1,Uneducated,Married,Unknown,Blue,13,5,2,2,4016,917,3099,1.246,2572,35,0.591,0.228
401,no,54,M,3,High School,Married,$120K +,Blue,42,6,3,2,20311,1655,18656,0.431,1266,34,0.308,0.081
402,no,33,F,3,High School,Divorced,Less than $40K,Blue,26,5,1,3,3616,0,3616,0.912,3133,72,1,0
403,no,44,M,4,Doctorate,Married,$80K - $120K,Blue,27,1,2,1,24134,1290,22844,0.814,13311,110,0.642,0.053
404,no,36,M,2,Post-Graduate,Married,$60K - $80K,Blue,29,5,3,3,7712,2517,5195,0.676,1845,40,0.739,0.326
405,yes,46,F,3,Doctorate,Single,Less than $40K,Gold,36,1,3,5,15164,532,14632,0.858,8356,68,0.478,0.035
406,no,58,M,2,Uneducated,Unknown,$120K +,Blue,49,6,2,3,9788,1794,7994,0.778,1805,37,0.762,0.183
407,no,49,M,2,Graduate,Single,$60K - $80K,Gold,45,2,3,1,34516,913,33603,0.698,7711,80,0.86,0.026
408,no,45,M,3,Unknown,Married,$80K - $120K,Blue,38,6,3,1,12918,1345,11573,1.061,1562,33,1.2,0.104
409,no,47,F,4,Graduate,Married,Less than $40K,Blue,37,3,1,3,2447,1973,474,0.476,4784,75,0.562,0.806
410,no,46,F,4,Post-Graduate,Married,Less than $40K,Blue,37,5,3,2,3773,1972,1801,0.783,1528,25,1.083,0.523
411,no,50,F,4,Unknown,Married,Less than $40K,Blue,45,4,1,4,1488,755,733,0.783,4451,65,0.711,0.507
412,no,47,F,2,Unknown,Married,Less than $40K,Blue,35,3,3,2,2793,1517,1276,0.712,3485,72,0.895,0.543
413,no,64,F,0,Graduate,Single,$40K - $60K,Blue,56,6,2,1,1564,0,1564,0.516,4018,69,0.605,0
414,no,37,M,1,Unknown,Married,$60K - $80K,Blue,19,6,1,2,18951,1243,17708,1.148,2874,58,0.657,0.066
415,no,56,M,2,Uneducated,Married,$40K - $60K,Blue,50,4,2,3,4458,1880,2578,1.107,1424,29,1.417,0.422
416,yes,47,M,2,Graduate,Married,$80K - $120K,Blue,36,3,3,2,12933,2239,10694,0.445,6564,56,0.514,0.173
417,no,40,F,3,Graduate,Single,Less than $40K,Blue,29,5,1,4,2694,1833,861,1.044,3366,56,1.074,0.68
418,no,38,M,2,Unknown,Divorced,$60K - $80K,Silver,26,4,2,0,26437,681,25756,1.021,2167,57,0.727,0.026
419,no,38,M,4,Unknown,Single,$120K +,Blue,31,3,2,3,34516,0,34516,0.604,15611,127,0.693,0
420,no,65,F,0,Uneducated,Single,Less than $40K,Blue,56,6,1,2,8705,1453,7252,1.11,2688,88,0.956,0.167
421,no,58,M,2,Graduate,Married,Less than $40K,Blue,48,4,1,0,2774,0,2774,0.721,1258,33,0.435,0
422,no,38,F,1,High School,Married,Less than $40K,Blue,31,2,6,3,3416,2517,899,0.925,14230,105,0.78,0.737
423,no,36,F,3,High School,Married,Unknown,Blue,30,6,2,2,3399,2173,1226,0.795,1571,34,1,0.639
424,no,53,M,2,Uneducated,Single,$60K - $80K,Blue,40,5,2,2,19116,0,19116,0.656,1184,29,0.611,0
425,no,41,F,3,Graduate,Married,Less than $40K,Blue,36,4,3,3,3203,2366,837,0.665,4282,82,0.783,0.739
426,no,37,F,4,High School,Single,$40K - $60K,Blue,36,5,3,1,3093,2517,576,0.855,1371,23,0.917,0.814
427,no,58,F,1,Uneducated,Unknown,$40K - $60K,Blue,39,5,1,1,2406,0,2406,1.016,4450,73,0.698,0
428,no,41,F,0,High School,Married,Less than $40K,Blue,31,4,2,4,2685,1647,1038,0.812,4625,94,0.516,0.613
429,no,41,F,3,Graduate,Married,Less than $40K,Blue,27,6,1,2,2134,1085,1049,0.656,4224,75,1.027,0.508
430,no,45,M,1,Graduate,Married,Less than $40K,Blue,33,4,3,4,2009,1795,214,0.645,3172,55,0.719,0.893
431,no,46,M,2,Graduate,Single,$120K +,Blue,28,1,1,1,7790,1921,5869,0.789,14567,131,0.617,0.247
432,no,47,M,3,Graduate,Married,$60K - $80K,Blue,37,4,4,0,8567,1695,6872,1.242,1457,41,1.412,0.198
433,no,45,M,2,Graduate,Single,$80K - $120K,Blue,39,6,3,3,1613,0,1613,0.635,3549,65,0.444,0
434,no,43,M,3,Graduate,Married,$120K +,Blue,36,3,2,2,22906,1132,21774,0.942,3204,64,0.73,0.049
435,no,46,M,4,Doctorate,Married,$120K +,Blue,36,3,2,5,3104,862,2242,1.057,2781,74,0.682,0.278
436,no,45,M,5,Graduate,Single,Less than $40K,Blue,36,4,2,1,2718,1474,1244,0.71,3542,59,0.639,0.542
437,yes,52,M,2,Unknown,Married,$80K - $120K,Blue,41,6,4,3,7904,0,7904,0.712,2094,32,0.231,0
438,no,29,F,0,Post-Graduate,Single,Less than $40K,Blue,36,5,2,3,5076,1223,3853,0.83,2675,57,0.629,0.241
439,no,46,F,3,Graduate,Single,Less than $40K,Blue,41,5,3,3,3913,0,3913,0.722,5170,93,0.86,0
440,no,36,F,1,High School,Single,Less than $40K,Blue,36,5,3,4,5257,1572,3685,0.732,2822,73,0.659,0.299
441,no,42,F,3,Graduate,Single,$40K - $60K,Blue,33,6,2,3,3376,1661,1715,0.618,4629,75,0.923,0.492
442,no,35,F,2,College,Married,$40K - $60K,Blue,24,4,1,3,2939,1865,1074,0.932,2077,47,0.679,0.635
443,no,42,F,4,Graduate,Married,Unknown,Blue,31,3,2,1,6751,1192,5559,0.776,7921,93,0.55,0.177
444,no,48,F,1,Unknown,Married,Unknown,Blue,41,3,2,2,1438.3,1197,241.3,0.917,4916,78,0.696,0.832
445,no,46,F,3,College,Single,Less than $40K,Blue,41,1,3,2,2485,861,1624,0.566,4728,81,0.761,0.346
446,no,33,M,3,Graduate,Divorced,$60K - $80K,Blue,36,6,3,3,24149,1848,22301,0.731,2584,66,0.833,0.077
447,yes,42,F,3,High School,Married,$40K - $60K,Blue,30,5,3,2,1456,0,1456,0.694,2843,42,0.5,0
448,no,38,F,2,Uneducated,Married,Less than $40K,Blue,28,3,3,3,7049,0,7049,0.988,1475,27,1.7,0
449,no,47,F,3,Unknown,Unknown,Less than $40K,Blue,36,6,2,3,1953,1089,864,0.859,4636,70,0.707,0.558
450,no,43,M,2,High School,Single,$80K - $120K,Blue,36,6,2,0,14418,0,14418,1.043,3880,68,0.7,0
451,no,47,F,5,Unknown,Married,Unknown,Blue,41,1,2,3,2675,1999,676,0.679,4138,64,0.561,0.747
452,no,57,F,1,Unknown,Single,Less than $40K,Blue,44,4,3,2,2564,1258,1306,1.156,2673,43,0.87,0.491
453,yes,35,M,3,College,Married,$80K - $120K,Blue,27,3,2,3,3575,1884,1691,0.384,861,15,1.5,0.527
454,no,52,M,2,Graduate,Single,$40K - $60K,Blue,41,1,2,2,9298,1898,7400,0.655,8427,87,0.776,0.204
455,yes,36,F,0,Uneducated,Divorced,$40K - $60K,Blue,30,1,3,4,2190,0,2190,0.908,1412,38,0.583,0
456,yes,49,M,3,High School,Single,$40K - $60K,Blue,36,1,3,4,4601,0,4601,0.962,9610,76,0.689,0
457,no,41,M,2,Graduate,Single,$60K - $80K,Blue,31,3,1,3,8228,1935,6293,0.627,4933,68,0.545,0.235
458,no,47,F,2,College,Married,Less than $40K,Blue,36,1,3,3,2780,2216,564,0.826,4980,78,0.857,0.797
459,yes,52,M,1,Unknown,Single,$40K - $60K,Blue,36,3,3,4,4826,0,4826,0.954,8585,62,1,0
460,no,44,M,5,High School,Married,$80K - $120K,Blue,36,3,2,2,2509,1464,1045,1.25,3166,72,0.946,0.583
461,no,45,M,2,Unknown,Single,$40K - $60K,Blue,40,6,4,3,7037,0,7037,0.583,4099,71,0.69,0
462,no,50,F,2,High School,Married,Less than $40K,Blue,36,3,1,3,3397,1658,1739,0.724,4208,75,0.786,0.488
463,no,34,M,2,College,Married,$80K - $120K,Blue,22,4,2,4,1631,0,1631,1.893,2962,57,1.111,0
464,yes,46,F,3,High School,Unknown,Less than $40K,Blue,41,2,3,4,3313,0,3313,0.561,2135,44,0.419,0
465,no,53,M,2,Uneducated,Married,$40K - $60K,Blue,47,3,1,3,5579,1423,4156,0.503,1514,47,1.136,0.255
466,no,49,F,2,Uneducated,Married,Less than $40K,Blue,38,6,3,3,2468,0,2468,1.057,3371,62,0.676,0
467,no,43,M,2,High School,Unknown,$80K - $120K,Blue,30,4,2,1,18008,2517,15491,0.775,2659,55,0.833,0.14
468,no,52,F,4,Post-Graduate,Married,Less than $40K,Blue,36,5,3,3,1594,0,1594,0.472,4653,65,0.667,0
469,no,34,F,1,Doctorate,Married,Unknown,Blue,25,4,3,3,2318,2069,249,1.399,2689,57,0.781,0.893
470,no,32,M,1,High School,Married,$60K - $80K,Blue,24,4,2,2,4116,1223,2893,0.73,1657,38,0.52,0.297
471,yes,40,F,1,Uneducated,Married,Less than $40K,Blue,28,5,2,3,3680,0,3680,0.729,2725,41,0.577,0
472,no,28,F,1,Graduate,Divorced,Less than $40K,Blue,23,4,1,3,2543,1156,1387,0.641,3864,64,0.684,0.455
473,no,54,F,2,High School,Married,Less than $40K,Blue,45,6,1,1,2513,1126,1387,0.324,1454,30,0.25,0.448
474,no,41,M,0,College,Married,$40K - $60K,Blue,29,3,2,2,6991,1384,5607,0.66,14994,104,0.733,0.198
475,no,46,M,2,Uneducated,Single,$60K - $80K,Blue,35,1,1,1,5131,1484,3647,0.75,7432,92,0.559,0.289
476,no,46,F,4,High School,Married,Less than $40K,Blue,34,6,1,3,5387,1133,4254,0.652,4374,76,0.49,0.21
477,no,52,F,1,High School,Single,$40K - $60K,Blue,42,1,3,1,3416,1970,1446,0.804,8254,75,0.596,0.577
478,no,34,M,3,Unknown,Unknown,$80K - $120K,Blue,24,6,3,3,8628,1500,7128,0.688,2902,60,0.818,0.174
479,yes,60,F,2,High School,Married,Less than $40K,Blue,42,3,3,2,1438.3,0,1438.3,0.061,1628,42,0.077,0
480,no,54,F,2,College,Single,$40K - $60K,Blue,49,4,3,3,8769,1314,7455,0.477,3817,60,0.818,0.15
481,yes,51,F,3,Graduate,Married,Less than $40K,Blue,46,1,4,3,2016,395,1621,0.711,2473,44,0.571,0.196
482,no,44,M,3,Graduate,Married,$120K +,Blue,31,2,2,3,3977,1325,2652,0.769,4076,62,0.632,0.333
483,no,41,M,2,College,Single,$80K - $120K,Blue,35,6,3,3,2647,620,2027,0.664,2262,47,0.424,0.234
484,no,34,F,3,Uneducated,Single,Less than $40K,Blue,26,4,2,3,3234,971,2263,0.79,3989,71,0.868,0.3
485,no,37,F,3,Uneducated,Single,Less than $40K,Blue,29,5,3,2,2584,1614,970,0.675,4045,78,0.733,0.625
486,yes,50,F,3,High School,Married,Less than $40K,Blue,36,2,3,3,1572,0,1572,0.74,2447,41,0.577,0
487,no,49,F,3,Unknown,Divorced,Less than $40K,Blue,38,3,3,4,1652,812,840,0.548,1771,47,0.516,0.492
488,no,41,M,4,Doctorate,Unknown,Less than $40K,Blue,31,6,2,1,2515,1767,748,0.665,4388,67,0.675,0.703
489,no,53,F,1,High School,Single,Less than $40K,Blue,47,6,2,3,3378,2134,1244,0.541,4464,83,0.93,0.632
490,no,59,F,0,College,Single,Less than $40K,Blue,55,2,2,3,2645,1127,1518,0.623,4251,76,0.767,0.426
491,no,51,M,4,High School,Single,$120K +,Blue,46,6,3,3,34516,2274,32242,0.788,1795,47,0.679,0.066
492,no,49,F,4,Graduate,Single,Less than $40K,Blue,36,1,1,3,2636,1257,1379,0.661,7136,82,0.608,0.477
493,no,56,M,1,Uneducated,Married,$80K - $120K,Blue,40,6,1,1,17450,2193,15257,0.419,1426,38,0.462,0.126
494,yes,37,M,2,Uneducated,Unknown,$80K - $120K,Blue,18,1,1,2,31832,518,31314,0.972,10201,59,0.788,0.016
495,yes,29,M,0,Graduate,Single,$120K +,Blue,22,2,2,3,11722,0,11722,0.778,8302,78,0.902,0
496,yes,38,M,3,College,Single,$80K - $120K,Blue,26,3,3,2,1438.3,0,1438.3,0.399,1585,32,0.455,0
497,no,35,M,2,High School,Single,$120K +,Blue,36,4,2,3,27389,1250,26139,0.641,2754,60,0.463,0.046
498,no,46,M,1,Unknown,Single,$120K +,Blue,32,5,2,1,11840,1295,10545,0.84,1560,49,0.4,0.109
499,no,38,M,2,Graduate,Single,$40K - $60K,Blue,24,6,3,2,14632,1158,13474,0.501,1399,36,0.5,0.079
500,no,45,M,3,Graduate,Single,$60K - $80K,Blue,33,3,1,3,7552,0,7552,0.463,1393,32,0.455,0
501,no,50,F,2,Uneducated,Married,Unknown,Blue,34,5,3,2,23381,905,22476,0.645,4357,73,0.521,0.039
502,no,47,F,5,Doctorate,Single,Unknown,Blue,36,4,1,4,26923,2461,24462,0.602,13643,94,0.918,0.091
503,no,49,M,2,Unknown,Married,$120K +,Blue,38,3,6,3,16494,1158,15336,0.692,7761,84,0.647,0.07
504,no,59,M,0,High School,Single,$120K +,Blue,36,4,3,3,3422,1039,2383,0.475,3337,65,0.512,0.304
505,yes,31,F,1,Uneducated,Single,Unknown,Blue,36,2,3,3,21067,0,21067,0.995,9212,71,0.821,0
506,no,42,M,3,High School,Single,$80K - $120K,Blue,36,4,3,1,21134,1508,19626,0.505,1556,35,0.842,0.071
507,no,62,M,0,Graduate,Married,$60K - $80K,Blue,36,6,3,3,3674,895,2779,0.658,1703,48,0.371,0.244
508,yes,49,M,2,Unknown,Married,$80K - $120K,Blue,39,2,3,4,29865,2097,27768,0.902,8636,74,0.947,0.07
509,no,35,M,1,Post-Graduate,Married,$80K - $120K,Blue,27,3,3,4,25516,1363,24153,1.172,2317,38,0.727,0.053
510,no,52,F,2,Uneducated,Married,Less than $40K,Blue,43,3,3,3,6897,640,6257,1.052,2781,57,0.839,0.093
511,no,35,F,3,Uneducated,Married,Unknown,Blue,29,3,3,1,2278,1303,975,0.645,5101,76,0.617,0.572
512,no,38,M,2,College,Married,$80K - $120K,Blue,36,3,3,3,6452,1151,5301,0.884,4835,84,0.714,0.178
513,no,53,M,2,High School,Single,$120K +,Blue,35,4,2,1,19040,2056,16984,0.607,1212,31,0.722,0.108
514,no,45,M,2,Unknown,Married,$120K +,Silver,38,4,2,3,34516,1406,33110,1.261,3342,63,0.969,0.041
515,yes,41,M,4,Uneducated,Married,$80K - $120K,Blue,37,1,2,2,23250,0,23250,0.564,2205,43,0.654,0
516,no,57,F,3,Unknown,Single,Less than $40K,Blue,29,6,1,1,8801,1421,7380,0.568,1104,31,0.292,0.161
517,yes,41,F,1,Doctorate,Divorced,Less than $40K,Blue,30,3,3,1,2029,621,1408,1.001,3142,37,0.85,0.306
518,no,44,F,4,Graduate,Single,$40K - $60K,Blue,38,3,3,3,3897,2296,1601,0.746,4627,77,0.791,0.589
519,no,42,F,4,Graduate,Married,Less than $40K,Blue,36,6,2,1,1438.3,0,1438.3,0.795,4396,70,0.628,0
520,no,37,M,3,Uneducated,Single,$40K - $60K,Blue,19,3,3,4,2186,1185,1001,0.998,2614,67,0.861,0.542
521,no,44,F,3,College,Unknown,Less than $40K,Blue,25,6,3,2,3083,1040,2043,0.729,4311,78,0.56,0.337
522,no,50,M,1,Doctorate,Married,$80K - $120K,Blue,36,5,3,3,18964,2207,16757,0.625,3835,78,0.625,0.116
523,no,36,F,1,Graduate,Married,Less than $40K,Blue,25,5,1,2,2999,1247,1752,0.962,2017,40,0.6,0.416
524,no,45,F,3,High School,Married,Less than $40K,Blue,37,4,1,3,2104,1267,837,0.677,1732,35,1.059,0.602
525,no,48,F,3,Unknown,Divorced,Less than $40K,Blue,36,5,1,4,3968,935,3033,0.649,4128,72,0.674,0.236
526,no,51,F,4,Uneducated,Single,Less than $40K,Blue,37,4,4,2,1765,1487,278,0.738,3333,66,1,0.842
527,no,44,M,5,Unknown,Married,$60K - $80K,Blue,34,5,3,2,2791,1979,812,0.807,4617,70,0.628,0.709
528,no,45,M,3,High School,Married,$120K +,Blue,35,6,2,3,32446,1974,30472,0.621,1717,39,0.696,0.061
529,no,59,M,0,High School,Married,Less than $40K,Blue,47,6,3,4,1479,787,692,0.865,2139,70,0.556,0.532
530,no,43,F,5,Graduate,Married,Less than $40K,Blue,35,3,6,4,5438,2214,3224,0.668,5029,75,0.562,0.407
531,no,42,F,4,Graduate,Married,Less than $40K,Blue,28,5,2,4,2205,1245,960,0.925,4921,90,0.8,0.565
532,no,49,F,4,High School,Single,Unknown,Silver,30,2,3,2,34516,1963,32553,0.758,13174,86,0.792,0.057
533,no,46,M,1,Graduate,Divorced,$40K - $60K,Blue,37,1,2,2,11343,1175,10168,0.699,8313,107,0.672,0.104
534,no,46,F,1,Graduate,Single,$40K - $60K,Blue,34,4,2,2,3569,0,3569,0.706,4186,72,0.636,0
535,no,26,F,1,Uneducated,Single,Unknown,Blue,13,6,2,3,12007,956,11051,0.832,2678,50,0.471,0.08
536,yes,34,M,2,High School,Single,$60K - $80K,Blue,36,2,3,2,9719,2517,7202,0.906,9183,51,0.7,0.259
537,no,45,M,4,College,Married,$80K - $120K,Blue,31,4,3,3,31978,1659,30319,0.556,2333,51,1.217,0.052
538,no,44,F,4,High School,Single,$40K - $60K,Blue,38,6,3,3,7881,2517,5364,0.738,3068,77,0.711,0.319
539,yes,53,M,2,Graduate,Married,$80K - $120K,Blue,41,3,3,2,11669,2227,9442,0.622,720,23,0.353,0.191
540,no,40,F,4,High School,Single,Less than $40K,Blue,36,5,5,3,2932,1664,1268,0.612,4795,82,0.708,0.568
541,no,58,M,3,High School,Single,$120K +,Blue,53,4,1,2,6103,1798,4305,0.705,1468,34,0.619,0.295
542,no,41,F,3,Unknown,Married,Unknown,Silver,34,5,3,3,34516,2053,32463,1.034,1487,26,0.733,0.059
543,no,46,M,5,Graduate,Married,Less than $40K,Blue,35,6,2,2,2206,1722,484,0.973,4455,67,0.763,0.781
544,no,52,M,0,Graduate,Single,$60K - $80K,Blue,46,4,2,4,10817,1142,9675,0.722,3889,60,0.818,0.106
545,no,39,M,3,Graduate,Single,$120K +,Blue,36,4,2,2,34516,0,34516,0.754,3572,55,0.667,0
546,no,39,F,1,Unknown,Single,$40K - $60K,Blue,36,6,1,3,11213,0,11213,0.563,1257,23,0.643,0
547,yes,37,F,3,Unknown,Single,Unknown,Blue,24,2,3,2,2054,0,2054,0.87,2567,43,0.593,0
548,no,60,F,1,High School,Divorced,Less than $40K,Blue,48,5,3,3,2737,1812,925,0.703,4507,86,0.955,0.662
549,no,60,F,0,High School,Married,Less than $40K,Blue,36,1,1,3,4147,2262,1885,0.565,14624,111,0.79,0.545
550,no,51,F,3,High School,Single,Less than $40K,Blue,38,1,3,2,1759,1345,414,0.61,4351,81,0.688,0.765
551,yes,65,F,2,Graduate,Single,Less than $40K,Blue,56,3,0,3,6812,1926,4886,0.735,2288,48,0.778,0.283
552,no,32,F,3,Graduate,Single,Less than $40K,Blue,36,3,1,3,3555,0,3555,0.813,2346,71,0.651,0
553,no,42,M,4,Graduate,Married,$60K - $80K,Silver,33,1,2,1,6224,0,6224,0.63,7612,82,0.783,0
554,no,54,M,3,High School,Married,$80K - $120K,Blue,36,6,1,2,1438.3,1133,305.3,0.759,1935,41,0.708,0.788
555,no,48,M,4,Graduate,Single,$80K - $120K,Blue,36,6,4,1,22067,685,21382,0.605,3577,64,0.882,0.031
556,no,41,F,3,College,Married,Less than $40K,Blue,35,2,1,2,2066,1542,524,0.71,4887,76,0.617,0.746
557,no,48,F,4,Uneducated,Married,Less than $40K,Blue,29,1,3,2,1843,1802,41,0.762,5199,73,0.738,0.978
558,yes,47,F,3,Graduate,Married,$40K - $60K,Blue,31,6,3,6,5496,0,5496,0.548,1913,34,0.308,0
559,no,52,M,1,Unknown,Married,$80K - $120K,Blue,36,4,2,2,14858,1594,13264,0.51,4286,72,0.636,0.107
560,no,48,M,3,Graduate,Married,$120K +,Gold,36,1,4,2,34516,1823,32693,1.062,15552,108,0.831,0.053
561,no,34,F,2,Graduate,Single,Less than $40K,Blue,27,4,1,1,1901,1176,725,0.612,2450,52,0.857,0.619
562,no,46,F,3,Graduate,Married,Unknown,Blue,39,3,3,4,1438.3,0,1438.3,0.646,4111,62,0.55,0
563,yes,58,M,0,Unknown,Single,$40K - $60K,Blue,45,3,1,3,3421,2517,904,0.992,992,21,0.4,0.736
564,no,51,M,1,High School,Married,$80K - $120K,Blue,36,5,2,2,9186,0,9186,0.658,4986,88,0.76,0
565,no,46,F,2,High School,Unknown,Unknown,Blue,32,4,1,3,7966,1423,6543,0.987,3780,75,0.923,0.179
566,yes,62,M,1,High School,Single,$60K - $80K,Blue,46,2,3,3,7547,2477,5070,1.021,5294,73,0.698,0.328
567,no,54,M,4,Unknown,Married,$60K - $80K,Blue,36,3,4,2,7477,1752,5725,0.294,1543,34,0.172,0.234
568,no,56,F,2,Unknown,Married,$40K - $60K,Blue,49,3,3,2,3681,0,3681,0.693,13222,112,0.931,0
569,no,47,M,3,Unknown,Single,$40K - $60K,Blue,36,3,6,2,5154,1407,3747,0.666,1694,32,0.778,0.273
570,no,54,F,1,High School,Married,Less than $40K,Blue,41,3,3,2,3784,2517,1267,0.648,15199,96,0.684,0.665
571,no,46,F,4,Graduate,Single,$40K - $60K,Blue,36,1,3,1,2652,2386,266,0.766,5329,83,0.729,0.9
572,no,46,F,2,Graduate,Single,Less than $40K,Blue,36,1,1,1,5785,2130,3655,0.813,7950,86,0.593,0.368
573,no,30,F,0,Unknown,Married,Less than $40K,Blue,19,5,1,4,2898,0,2898,1.154,2632,64,0.778,0
574,no,41,M,4,Post-Graduate,Married,$80K - $120K,Blue,36,1,2,2,21751,1573,20178,0.878,8332,102,0.569,0.072
575,no,39,M,2,Post-Graduate,Married,$60K - $80K,Blue,36,6,3,2,5471,2056,3415,0.465,1992,46,0.704,0.376
576,no,43,M,3,High School,Unknown,$60K - $80K,Blue,36,5,3,3,20811,1425,19386,0.382,1483,38,0.52,0.068
577,yes,37,M,3,College,Married,$60K - $80K,Blue,19,2,3,4,3100,2517,583,0.35,694,12,0.2,0.812
578,no,45,M,5,Unknown,Married,$60K - $80K,Blue,38,1,2,3,6895,2314,4581,0.84,8778,85,0.604,0.336
579,no,42,F,4,Unknown,Married,Less than $40K,Blue,30,3,2,1,1531,987,544,0.831,4373,67,0.811,0.645
580,no,59,F,2,Uneducated,Married,Less than $40K,Blue,36,6,3,2,3850,0,3850,0.509,15107,117,0.918,0
581,no,60,M,0,High School,Married,$40K - $60K,Blue,36,5,1,3,3281,837,2444,1.859,1424,29,1.417,0.255
582,no,49,F,5,High School,Married,$40K - $60K,Blue,33,6,3,2,2506,1549,957,0.752,4747,91,0.936,0.618
583,yes,45,F,2,Doctorate,Married,Less than $40K,Blue,31,4,3,4,2704,2262,442,0.87,2362,39,0.444,0.837
584,no,49,M,4,Doctorate,Married,$60K - $80K,Blue,44,3,1,1,3343,1581,1762,1.146,1545,31,0.824,0.473
585,no,55,M,2,Uneducated,Single,$60K - $80K,Blue,36,5,1,4,4712,1920,2792,0.596,4277,66,0.571,0.407
586,no,47,F,4,Post-Graduate,Divorced,$40K - $60K,Blue,40,2,2,3,2725,1851,874,0.687,4904,85,0.7,0.679
587,no,55,M,2,Graduate,Single,$80K - $120K,Silver,36,5,1,1,34516,1316,33200,0.818,3542,60,0.714,0.038
588,no,46,M,4,College,Married,$40K - $60K,Silver,36,3,2,2,18956,1694,17262,0.702,8032,88,0.66,0.089
589,no,46,M,3,Graduate,Unknown,$80K - $120K,Blue,27,5,1,3,3665,1725,1940,0.495,1881,55,0.618,0.471
590,no,49,F,4,Post-Graduate,Single,Unknown,Blue,44,6,3,2,18206,1586,16620,0.921,1439,48,1,0.087
591,yes,59,F,1,Graduate,Married,Less than $40K,Blue,36,2,3,3,2468,0,2468,0.5,2017,37,0.762,0
592,no,48,M,1,College,Single,$80K - $120K,Silver,36,6,3,3,34516,1629,32887,0.815,4042,78,0.592,0.047
593,no,42,M,2,College,Married,$80K - $120K,Blue,32,5,2,2,22120,1805,20315,0.65,3981,65,0.667,0.082
594,no,59,M,0,High School,Single,$80K - $120K,Blue,47,5,3,3,26812,1491,25321,0.679,14838,110,0.642,0.056
595,no,39,M,2,Graduate,Married,$40K - $60K,Blue,31,5,3,2,8687,1146,7541,1.8,2279,33,1.357,0.132
596,no,34,M,1,High School,Single,$40K - $60K,Blue,25,4,1,2,1793,1141,652,0.715,5293,88,0.76,0.636
597,yes,47,F,5,Uneducated,Single,Unknown,Blue,40,5,4,5,3502,0,3502,0.531,1895,42,0.4,0
598,yes,50,M,2,Graduate,Married,$80K - $120K,Blue,31,3,3,3,12906,321,12585,0.76,2078,62,0.55,0.025
599,no,35,F,3,Graduate,Single,$40K - $60K,Blue,28,5,6,2,3250,1560,1690,0.634,4673,73,0.698,0.48
600,no,46,M,1,Unknown,Married,$60K - $80K,Blue,39,4,3,3,5374,2324,3050,0.423,1557,49,0.4,0.432
601,yes,47,M,3,College,Single,$60K - $80K,Blue,39,5,3,2,22599,0,22599,1.039,4739,55,0.486,0
602,no,42,F,4,High School,Single,Less than $40K,Blue,30,3,1,3,6172,1212,4960,0.723,16622,99,0.65,0.196
603,no,44,M,1,Uneducated,Married,$60K - $80K,Blue,36,5,2,3,14450,2440,12010,1.283,1235,30,0.667,0.169
604,no,52,M,1,High School,Single,$80K - $120K,Blue,41,4,1,4,4103,1972,2131,0.665,16344,118,0.788,0.481
605,no,47,M,5,Post-Graduate,Married,Less than $40K,Blue,41,4,2,1,3532,0,3532,0.82,3162,56,0.6,0
606,no,44,M,3,Unknown,Single,$80K - $120K,Silver,38,3,3,1,34516,657,33859,0.641,4614,76,0.689,0.019
607,yes,26,F,0,High School,Single,Unknown,Blue,13,1,2,4,6152,0,6152,0.391,968,23,0.533,0
608,no,41,M,3,Graduate,Single,$40K - $60K,Blue,37,3,3,2,7839,1544,6295,0.715,7904,83,0.804,0.197
609,no,59,F,1,Graduate,Single,Less than $40K,Blue,36,3,2,3,6335,1128,5207,0.397,1217,20,0.667,0.178
610,yes,61,M,0,Graduate,Single,$40K - $60K,Blue,56,2,5,4,3984,2245,1739,0.612,1821,39,0.696,0.564
611,yes,53,F,2,Unknown,Single,Less than $40K,Blue,36,3,3,4,2575,411,2164,0.833,2423,43,0.593,0.16
612,no,37,F,3,Graduate,Divorced,Less than $40K,Blue,24,3,3,4,3727,995,2732,0.743,14786,101,0.656,0.267
613,no,32,F,0,Unknown,Single,Less than $40K,Blue,22,1,3,2,1438.3,713,725.3,0.806,5099,80,0.951,0.496
614,no,36,M,3,Unknown,Married,$60K - $80K,Blue,36,4,2,2,2956,2411,545,0.971,1896,31,0.824,0.816
615,no,49,M,4,Uneducated,Unknown,$60K - $80K,Silver,44,6,3,2,32244,0,32244,0.647,3501,65,0.757,0
616,no,57,M,4,Graduate,Married,$80K - $120K,Blue,46,3,2,3,19270,1662,17608,1.186,1565,28,1.545,0.086
617,yes,40,M,2,Unknown,Single,$60K - $80K,Blue,20,4,2,4,4283,0,4283,0.878,8672,64,1.207,0
618,no,57,M,2,Graduate,Married,$80K - $120K,Blue,40,3,2,3,12208,1980,10228,0.616,1409,34,0.619,0.162
619,no,53,M,1,Unknown,Married,$120K +,Blue,42,4,1,4,8329,877,7452,0.432,1570,56,0.333,0.105
620,no,48,F,3,College,Unknown,Unknown,Blue,40,2,6,1,2337,0,2337,0.586,5203,90,0.765,0
621,yes,50,M,1,Post-Graduate,Unknown,$80K - $120K,Blue,38,2,3,4,2673,0,2673,1.043,4929,54,0.459,0
622,no,52,F,3,High School,Married,Less than $40K,Blue,48,4,2,2,3136,1103,2033,0.812,4528,81,0.884,0.352
623,yes,48,F,3,High School,Unknown,Less than $40K,Blue,37,4,2,1,2363,978,1385,0.662,2635,40,0.538,0.414
624,no,63,M,1,High School,Single,$60K - $80K,Blue,54,2,3,3,23355,1061,22294,0.864,8634,95,0.9,0.045
625,no,35,F,0,High School,Single,Less than $40K,Blue,36,4,3,4,5931,0,5931,0.668,2730,71,0.614,0
626,no,49,M,2,High School,Single,$80K - $120K,Blue,37,6,1,4,24299,2517,21782,0.723,5320,62,0.771,0.104
627,no,49,F,3,Graduate,Single,$40K - $60K,Blue,33,5,3,2,9995,1713,8282,0.96,1172,38,0.462,0.171
628,no,32,F,2,Uneducated,Single,Unknown,Blue,25,3,2,1,3193,1533,1660,0.936,4419,75,0.786,0.48
629,no,32,M,1,Unknown,Single,$120K +,Blue,18,5,3,2,6276,2289,3987,0.637,2637,68,0.388,0.365
630,no,40,F,3,High School,Unknown,Less than $40K,Blue,36,5,2,2,5525,2409,3116,0.929,2305,33,0.941,0.436
631,no,46,M,2,Unknown,Divorced,$80K - $120K,Blue,30,3,3,3,2770,1286,1484,1.068,2920,74,0.721,0.464
632,yes,39,M,5,Graduate,Single,$60K - $80K,Blue,36,1,3,3,24657,633,24024,0.358,1954,46,0.394,0.026
633,no,46,F,3,Doctorate,Single,Unknown,Blue,36,6,3,2,2189,1666,523,0.343,1287,36,0.636,0.761
634,no,45,F,1,Unknown,Married,Less than $40K,Blue,36,1,2,1,5087,2517,2570,0.765,4682,77,0.711,0.495
635,no,44,M,3,High School,Married,$60K - $80K,Blue,36,2,2,1,3605,0,3605,0.594,6800,78,0.814,0
636,no,39,M,3,Graduate,Married,$40K - $60K,Blue,29,2,2,2,3152,1174,1978,0.862,13670,117,0.857,0.372
637,no,38,F,0,Graduate,Single,Less than $40K,Blue,32,6,3,3,1755,750,1005,0.659,5000,79,0.837,0.427
638,no,51,F,2,High School,Married,Less than $40K,Blue,33,2,1,3,5625,1640,3985,0.893,7890,75,0.875,0.292
639,no,41,M,3,Graduate,Single,$80K - $120K,Blue,26,4,3,2,11806,1811,9995,0.754,1465,31,0.476,0.153
640,no,47,M,3,Doctorate,Single,Less than $40K,Blue,35,4,3,2,1842,0,1842,0.726,4165,67,0.634,0
641,no,47,M,3,High School,Single,$80K - $120K,Blue,42,4,1,0,24480,1923,22557,0.505,1416,32,0.778,0.079
642,yes,47,M,4,Graduate,Single,$120K +,Blue,35,3,4,3,7015,0,7015,0.456,1799,51,0.645,0
643,no,50,F,5,Uneducated,Single,Less than $40K,Blue,33,4,3,3,2837,1377,1460,0.564,3928,54,0.8,0.485
644,no,53,F,3,High School,Married,Unknown,Blue,36,4,2,4,11098,821,10277,0.896,2156,46,0.586,0.074
645,no,48,F,3,Post-Graduate,Married,Less than $40K,Blue,35,3,3,3,2640,2133,507,1.008,4956,72,0.846,0.808
646,no,49,M,1,Unknown,Single,$120K +,Blue,40,5,3,1,34516,0,34516,0.759,3230,64,0.561,0
647,no,37,F,3,Graduate,Married,Unknown,Blue,30,5,3,3,4554,780,3774,0.658,4816,81,0.588,0.171
648,no,65,M,2,Unknown,Married,Less than $40K,Blue,56,4,2,4,2318,1010,1308,0.81,1256,35,0.591,0.436
649,no,37,M,3,Graduate,Married,$80K - $120K,Blue,20,3,3,3,8260,2077,6183,1.167,2323,47,0.621,0.251
650,no,42,M,3,Graduate,Divorced,$40K - $60K,Blue,33,4,2,4,3178,1800,1378,0.89,4605,86,0.623,0.566
651,no,55,F,2,Uneducated,Married,Less than $40K,Blue,43,6,2,3,2736,993,1743,1.06,4078,85,0.977,0.363
652,no,48,F,4,Doctorate,Single,Unknown,Blue,39,6,1,1,2845,919,1926,0.652,2635,43,1.263,0.323
653,no,48,M,4,High School,Single,$60K - $80K,Blue,42,5,4,2,2384,1596,788,0.831,3149,59,0.903,0.669
654,no,39,M,1,Graduate,Single,$120K +,Blue,24,6,2,4,10074,2517,7557,0.77,1729,52,0.926,0.25
655,no,44,F,4,Graduate,Single,Unknown,Blue,36,3,1,3,8482,0,8482,0.563,4076,81,0.688,0
656,no,35,M,3,Graduate,Married,$120K +,Blue,28,4,3,2,14869,0,14869,1.624,2753,48,1.087,0
657,no,47,M,1,Unknown,Divorced,$80K - $120K,Blue,38,5,3,5,18432,1422,17010,1.357,2748,58,0.933,0.077
658,yes,56,M,2,Unknown,Married,Less than $40K,Blue,44,5,3,1,4390,0,4390,1.005,8454,69,0.769,0
659,no,37,F,3,Graduate,Single,Less than $40K,Blue,36,3,2,3,6077,1397,4680,0.834,2837,74,0.609,0.23
660,no,42,F,2,Doctorate,Married,Unknown,Blue,30,4,3,5,14828,1513,13315,0.748,15572,113,0.614,0.102
661,no,62,F,2,Graduate,Married,Less than $40K,Blue,51,6,2,4,2986,1632,1354,0.883,2141,55,0.667,0.547
662,no,48,F,3,Unknown,Married,Less than $40K,Blue,36,3,1,4,6197,1219,4978,0.552,3825,67,0.675,0.197
663,no,51,M,2,Graduate,Married,$80K - $120K,Blue,34,5,4,1,13587,2374,11213,0.789,4995,88,0.692,0.175
664,no,45,M,2,Uneducated,Married,$120K +,Blue,36,6,2,3,3383,1458,1925,0.678,4897,75,0.562,0.431
665,no,59,M,1,High School,Single,$60K - $80K,Blue,51,6,2,4,8973,1300,7673,0.568,4699,72,0.714,0.145
666,no,47,F,3,Post-Graduate,Unknown,$40K - $60K,Blue,36,6,1,2,3979,1319,2660,0.85,4598,67,0.634,0.331
667,no,40,F,4,Graduate,Married,Less than $40K,Blue,24,3,3,2,8014,1402,6612,0.873,1596,34,0.789,0.175
668,yes,43,F,4,College,Married,Less than $40K,Blue,28,5,2,4,1484,0,1484,0.2,1664,39,0.5,0
669,yes,43,M,3,Post-Graduate,Married,$40K - $60K,Platinum,31,2,3,4,23981,593,23388,0.987,4758,65,0.512,0.025
670,no,49,F,4,Graduate,Unknown,$40K - $60K,Blue,35,3,3,2,2631,1699,932,0.668,4691,92,0.704,0.646
671,no,36,M,2,High School,Single,$40K - $60K,Blue,32,3,5,2,2683,1533,1150,0.821,2373,73,0.659,0.571
672,no,48,F,4,Uneducated,Married,Unknown,Blue,36,2,6,1,7469,1216,6253,0.771,13614,104,0.6,0.163
673,no,41,M,2,Graduate,Married,$80K - $120K,Blue,35,3,3,4,10873,1514,9359,0.879,5089,82,0.783,0.139
674,yes,46,M,2,Uneducated,Unknown,$60K - $80K,Blue,30,4,3,2,1438.3,681,757.3,0.731,2527,38,0.583,0.473
675,no,26,M,0,College,Single,Unknown,Blue,13,6,3,2,2347,0,2347,0.863,2595,56,0.333,0
676,no,38,M,2,Uneducated,Single,$80K - $120K,Blue,22,2,1,3,34516,1595,32921,0.824,8871,97,0.764,0.046
677,no,44,M,2,Unknown,Married,$60K - $80K,Blue,34,4,4,4,3828,1146,2682,0.681,4558,90,0.636,0.299
678,no,34,M,2,High School,Married,$60K - $80K,Blue,28,3,3,3,2853,2420,433,0.858,1750,47,0.808,0.848
679,no,59,M,0,Uneducated,Single,$60K - $80K,Blue,48,5,1,3,4906,1302,3604,0.862,4833,80,0.905,0.265
680,no,47,M,4,Uneducated,Single,$80K - $120K,Blue,32,3,3,2,34010,1340,32670,0.744,1739,39,0.5,0.039
681,no,33,F,3,Post-Graduate,Married,$40K - $60K,Blue,28,5,2,3,1864,1081,783,1.416,2607,44,1.75,0.58
682,no,33,F,1,Doctorate,Unknown,Less than $40K,Gold,24,2,3,2,15987,1992,13995,0.739,8302,81,0.841,0.125
683,no,42,M,2,Graduate,Single,$80K - $120K,Blue,36,3,1,3,3046,1231,1815,0.692,4711,77,0.878,0.404
684,yes,48,M,2,College,Divorced,$80K - $120K,Blue,40,4,3,3,4479,0,4479,0.89,4520,63,0.37,0
685,yes,46,F,1,Graduate,Married,Unknown,Blue,24,3,3,2,2694,1576,1118,0.494,2041,57,0.9,0.585
686,no,53,F,2,Uneducated,Married,Unknown,Blue,36,4,3,3,2162,1592,570,0.547,1736,42,0.615,0.736
687,no,49,F,3,Unknown,Single,Less than $40K,Blue,42,5,3,3,3261,814,2447,0.85,4739,89,0.712,0.25
688,no,29,M,0,Unknown,Divorced,$80K - $120K,Blue,14,6,3,3,3544,0,3544,0.718,2435,63,1.032,0
689,no,48,F,1,Unknown,Single,Less than $40K,Blue,36,1,1,2,3918,813,3105,1.149,15867,103,1.06,0.208
690,no,50,F,1,High School,Married,$40K - $60K,Blue,43,4,3,4,2961,2048,913,0.913,4056,92,0.769,0.692
691,no,44,M,2,Graduate,Married,$60K - $80K,Blue,36,3,1,2,4141,1424,2717,0.574,3512,65,0.477,0.344
692,yes,38,M,3,College,Single,$60K - $80K,Blue,34,6,3,4,12050,1821,10229,0.63,2381,40,0.481,0.151
693,no,49,F,1,Graduate,Divorced,$40K - $60K,Blue,40,3,2,3,1438.3,0,1438.3,0.675,3886,77,0.75,0
694,yes,49,F,4,Uneducated,Unknown,Less than $40K,Blue,39,6,3,2,3468,2517,951,0.746,2494,39,0.345,0.726
695,yes,52,M,3,Unknown,Single,$80K - $120K,Blue,44,1,2,4,3526,2429,1097,0.712,7775,63,0.909,0.689
696,no,49,F,1,Graduate,Married,Unknown,Blue,39,1,1,3,5455,2091,3364,0.748,4349,58,0.812,0.383
697,yes,48,M,4,Uneducated,Single,$80K - $120K,Silver,43,2,3,4,34516,0,34516,0.671,1626,28,0.4,0
698,no,47,F,5,Graduate,Single,Less than $40K,Blue,42,4,2,4,2224,1106,1118,0.501,1698,41,0.367,0.497
699,no,46,M,5,High School,Married,$120K +,Blue,32,5,2,2,34516,1024,33492,0.72,2436,71,0.651,0.03
700,no,59,F,0,Post-Graduate,Single,$40K - $60K,Blue,40,5,3,3,2634,1644,990,1.092,4190,71,0.732,0.624
701,no,29,M,2,Graduate,Divorced,Less than $40K,Blue,20,4,1,2,2462,2021,441,0.966,2320,57,0.676,0.821
702,no,44,M,4,Unknown,Single,$80K - $120K,Blue,38,5,3,4,3936,2024,1912,0.988,5001,66,0.692,0.514
703,no,53,M,1,High School,Unknown,$120K +,Blue,34,2,1,2,8507,1484,7023,0.709,14949,114,0.727,0.174
704,yes,46,M,2,High School,Single,$40K - $60K,Blue,36,5,2,2,6362,0,6362,0.596,1968,51,0.759,0
705,yes,43,M,2,College,Divorced,$120K +,Blue,37,4,1,2,34516,0,34516,0.536,1370,38,0.357,0
706,no,49,M,2,Uneducated,Married,$60K - $80K,Blue,44,6,1,3,5013,0,5013,0.822,5223,84,0.909,0
707,yes,41,M,3,High School,Married,$120K +,Blue,32,2,2,1,34516,0,34516,0.965,4734,57,0.541,0
708,no,40,F,4,Graduate,Married,Unknown,Blue,25,6,2,1,25060,0,25060,0.758,3749,61,0.743,0
709,yes,47,F,3,Unknown,Single,Less than $40K,Blue,35,4,3,6,2402,628,1774,0.689,1930,48,0.6,0.261
710,no,35,F,1,Uneducated,Single,Unknown,Silver,27,4,3,2,34516,0,34516,0.682,2562,62,0.722,0
711,no,44,F,2,High School,Single,Less than $40K,Blue,29,6,1,2,2288,1505,783,0.788,4396,68,0.659,0.658
712,no,57,M,2,Unknown,Single,$120K +,Blue,44,5,1,2,5612,1884,3728,0.77,4734,83,0.886,0.336
713,no,53,M,1,High School,Single,Less than $40K,Blue,36,3,3,3,8979,1289,7690,0.651,7422,87,0.673,0.144
714,no,64,F,0,Graduate,Married,Unknown,Blue,36,3,1,3,7646,1010,6636,0.421,1667,47,0.469,0.132
715,no,54,F,3,Unknown,Married,Less than $40K,Blue,36,6,2,4,2556,2260,296,0.487,1401,30,0.579,0.884
716,no,53,M,3,Unknown,Married,$80K - $120K,Blue,40,2,2,3,16747,0,16747,0.801,4350,76,0.767,0
717,no,52,M,2,High School,Single,$40K - $60K,Blue,45,3,1,2,13532,1300,12232,0.846,1521,29,1.417,0.096
718,no,45,M,3,Graduate,Married,$60K - $80K,Blue,36,3,1,3,14593,1504,13089,0.668,3447,72,0.895,0.103
719,no,46,F,3,Uneducated,Single,Unknown,Blue,28,4,1,5,21646,1778,19868,1.071,3328,61,0.794,0.082
720,no,28,F,0,College,Married,Unknown,Blue,36,3,2,3,5685,0,5685,1.334,2395,62,1,0
721,no,53,F,3,Graduate,Married,Less than $40K,Blue,47,5,6,2,2759,2223,536,1.32,2093,42,1,0.806
722,no,53,M,2,Uneducated,Single,$60K - $80K,Blue,38,3,2,2,7062,1255,5807,0.672,3432,68,0.744,0.178
723,yes,38,M,1,High School,Single,$120K +,Blue,30,5,3,3,10874,2415,8459,0.933,4619,59,0.372,0.222
724,no,26,F,0,Graduate,Single,Less than $40K,Blue,19,2,1,2,3416,1109,2307,0.783,4614,70,1,0.325
725,no,48,F,2,Graduate,Married,$40K - $60K,Blue,42,4,3,3,4076,0,4076,0.808,1235,37,0.682,0
726,no,58,F,1,College,Single,Less than $40K,Blue,46,1,5,1,1552,0,1552,0.762,4731,71,0.651,0
727,yes,42,M,3,College,Married,$60K - $80K,Blue,34,3,3,3,13450,0,13450,0.742,1000,18,0.059,0
728,no,41,M,4,Unknown,Married,$60K - $80K,Blue,36,5,3,2,1734,857,877,0.752,4741,84,0.714,0.494
729,no,34,F,2,Graduate,Single,$40K - $60K,Blue,23,4,2,2,7594,1442,6152,0.753,15026,99,0.678,0.19
730,no,48,F,4,High School,Married,$40K - $60K,Blue,42,3,1,3,4206,1100,3106,0.587,1144,22,1,0.262
731,no,46,M,2,High School,Married,$40K - $60K,Blue,32,4,3,2,2619,2271,348,0.61,3835,60,0.818,0.867
732,no,56,F,1,Graduate,Married,Less than $40K,Blue,49,5,1,0,5097,1152,3945,0.94,2052,45,0.607,0.226
733,no,35,F,1,Uneducated,Married,Less than $40K,Blue,30,3,2,1,2593,1660,933,0.562,1974,33,1.062,0.64
734,yes,63,M,1,Graduate,Single,$60K - $80K,Blue,56,3,3,2,9569,0,9569,0.94,2287,49,0.581,0
735,no,49,M,5,Graduate,Single,$60K - $80K,Blue,42,2,1,3,7801,2018,5783,0.684,7561,91,0.685,0.259
736,no,48,F,1,Doctorate,Married,Less than $40K,Blue,39,3,3,3,4844,1576,3268,0.809,1489,48,0.6,0.325
737,yes,50,F,3,Doctorate,Single,Unknown,Blue,36,4,3,3,5173,0,5173,0.912,8757,68,0.789,0
738,no,42,F,3,High School,Married,Less than $40K,Blue,33,5,2,4,6848,0,6848,0.962,4006,82,0.822,0
739,no,46,M,2,Uneducated,Single,$120K +,Blue,32,2,3,1,34516,2328,32188,0.855,15754,121,0.729,0.067
740,no,49,M,4,Graduate,Married,$80K - $120K,Blue,39,6,3,2,17285,1853,15432,0.882,4787,60,0.714,0.107
741,no,45,F,5,Graduate,Single,Less than $40K,Blue,33,5,3,3,2288,1249,1039,0.605,4504,87,0.706,0.546
742,no,45,F,4,Unknown,Single,Less than $40K,Gold,36,6,1,3,15987,1648,14339,0.732,1436,36,1.25,0.103
743,no,47,M,2,College,Married,$120K +,Blue,35,4,3,2,3636,1010,2626,0.596,1564,59,0.686,0.278
744,no,52,M,2,High School,Single,$80K - $120K,Silver,40,3,3,3,34516,2177,32339,1.32,1234,23,1.875,0.063
745,no,43,F,4,Graduate,Single,Less than $40K,Blue,34,2,3,2,2005,1263,742,0.657,4906,80,0.818,0.63
746,no,54,M,2,Graduate,Single,$60K - $80K,Blue,36,5,3,1,12815,1017,11798,0.532,3771,78,0.66,0.079
747,no,50,F,3,Uneducated,Single,Less than $40K,Blue,41,4,2,2,2563,1860,703,0.68,3774,83,0.804,0.726
748,no,37,F,3,High School,Single,Less than $40K,Blue,31,5,1,3,1438.3,0,1438.3,0.79,2075,66,0.692,0
749,no,39,F,1,High School,Single,$40K - $60K,Blue,20,3,2,2,9956,1117,8839,0.515,1447,39,0.696,0.112
750,yes,47,F,2,Graduate,Single,Less than $40K,Gold,37,6,2,1,15109,897,14212,0.494,2315,43,0.303,0.059
751,no,45,F,0,Unknown,Single,Less than $40K,Blue,36,6,2,3,3230,2517,713,0.615,1931,57,0.425,0.779
752,no,43,M,1,Graduate,Single,$60K - $80K,Blue,37,4,3,4,20013,922,19091,0.655,1518,39,0.625,0.046
753,yes,61,F,0,Graduate,Married,Less than $40K,Blue,56,3,3,3,2122,554,1568,0.857,949,17,0.133,0.261
754,no,34,F,3,Uneducated,Single,$40K - $60K,Blue,27,3,2,4,2313,1775,538,0.773,4317,68,0.545,0.767
755,no,33,F,4,Post-Graduate,Married,$40K - $60K,Blue,36,4,2,3,2372,1887,485,0.8,1852,55,0.618,0.796
756,no,50,M,2,College,Married,$80K - $120K,Blue,39,6,4,2,3606,1862,1744,0.689,3568,92,0.804,0.516
757,no,52,M,3,Graduate,Married,$60K - $80K,Blue,44,1,2,1,23889,603,23286,0.792,13360,124,0.968,0.025
758,no,44,M,4,Post-Graduate,Single,$120K +,Blue,32,2,4,2,23957,2102,21855,0.997,1276,26,0.733,0.088
759,no,59,M,2,High School,Married,$40K - $60K,Blue,50,6,3,2,2701,1572,1129,0.475,1469,36,0.5,0.582
760,no,51,M,0,High School,Unknown,$80K - $120K,Blue,44,2,2,3,22741,2176,20565,0.689,8438,100,0.887,0.096
761,no,57,M,4,Post-Graduate,Married,$120K +,Blue,51,4,2,3,16952,0,16952,0.709,1918,61,0.649,0
762,no,40,F,2,Unknown,Single,$40K - $60K,Blue,29,1,3,3,2351,1337,1014,0.613,5115,84,0.787,0.569
763,no,42,F,3,Unknown,Divorced,Unknown,Blue,31,5,3,2,2369,1019,1350,0.691,4317,66,0.784,0.43
764,no,34,F,4,Graduate,Single,$40K - $60K,Blue,28,5,2,3,2472,1899,573,0.77,4408,86,0.792,0.768
765,no,48,F,2,Doctorate,Married,$40K - $60K,Blue,34,3,1,4,5069,1843,3226,0.826,4055,66,0.692,0.364
766,no,54,F,0,College,Married,$40K - $60K,Blue,46,6,2,3,2254,533,1721,1.043,4913,84,0.909,0.236
767,no,55,M,3,Graduate,Married,$80K - $120K,Blue,36,4,3,4,2801,2403,398,0.884,1526,44,1,0.858
768,yes,44,F,2,Uneducated,Single,Unknown,Blue,32,5,3,3,1486,849,637,0.621,2380,43,0.87,0.571
769,no,53,F,2,College,Unknown,Less than $40K,Blue,37,2,3,2,2081,1342,739,1.06,4428,80,0.778,0.645
770,yes,59,M,0,Uneducated,Unknown,$60K - $80K,Blue,48,2,6,2,13172,0,13172,0.876,2598,47,0.621,0
771,yes,45,F,4,Graduate,Married,Less than $40K,Blue,34,3,2,1,1438.3,0,1438.3,0.685,2153,35,0.346,0
772,yes,54,F,2,High School,Married,Unknown,Blue,44,3,3,1,6094,0,6094,1.129,909,14,0.273,0
773,no,47,F,2,Uneducated,Single,Less than $40K,Blue,42,3,1,2,2271,2154,117,1.13,4150,69,0.865,0.948
774,no,29,M,1,Post-Graduate,Married,Less than $40K,Blue,18,4,3,2,2963,1466,1497,1.378,2523,48,0.846,0.495
775,no,37,M,2,High School,Married,$80K - $120K,Blue,31,3,2,4,7304,0,7304,1.144,2717,63,0.703,0
776,no,41,M,2,College,Married,$80K - $120K,Blue,31,1,1,3,3306,706,2600,0.814,4772,76,0.9,0.214
777,no,44,F,4,High School,Single,$40K - $60K,Blue,36,3,2,2,2055,0,2055,0.975,7674,80,0.633,0
778,yes,59,F,1,Graduate,Single,Less than $40K,Blue,51,1,4,4,4257,2517,1740,0.703,2828,50,1.083,0.591
779,no,41,M,5,Graduate,Single,$60K - $80K,Blue,28,5,1,4,4821,1426,3395,0.898,3571,58,0.933,0.296
780,no,42,F,3,Uneducated,Divorced,Less than $40K,Blue,38,5,2,2,3131,849,2282,0.992,3108,62,0.59,0.271
781,no,46,F,2,Unknown,Single,Less than $40K,Blue,33,4,3,2,3670,0,3670,0.797,4811,68,0.889,0
782,yes,40,M,3,High School,Single,$80K - $120K,Blue,36,2,3,2,4620,0,4620,0.654,6644,61,0.694,0
783,no,47,M,5,High School,Married,$60K - $80K,Blue,38,4,1,2,7357,1069,6288,0.77,3943,64,0.641,0.145
784,no,51,M,3,Unknown,Single,$80K - $120K,Blue,36,4,1,2,5611,0,5611,0.697,16557,120,0.622,0
785,no,44,F,2,High School,Single,Less than $40K,Blue,31,3,2,3,4182,2028,2154,0.658,16920,114,0.606,0.485
786,yes,48,F,4,College,Married,Less than $40K,Blue,37,3,2,3,1745,0,1745,0.657,2297,44,0.63,0
787,no,58,M,2,High School,Divorced,$60K - $80K,Blue,46,6,2,0,2467,1176,1291,0.811,4744,73,0.921,0.477
788,yes,49,M,1,Uneducated,Single,$120K +,Blue,30,5,3,3,5181,0,5181,0.83,8943,68,1,0
789,no,54,F,1,Uneducated,Married,Less than $40K,Blue,42,2,2,3,3181,2087,1094,0.752,13392,92,0.736,0.656
790,no,60,M,1,Graduate,Single,$80K - $120K,Blue,55,6,2,1,11524,0,11524,0.682,3598,72,0.532,0
791,no,48,F,3,Graduate,Married,$40K - $60K,Silver,40,5,3,4,18965,2262,16703,0.592,3066,69,0.816,0.119
792,yes,40,F,1,College,Married,$40K - $60K,Blue,36,4,2,4,1737,1689,48,0.644,2459,43,0.536,0.972
793,no,48,M,3,Post-Graduate,Divorced,$60K - $80K,Blue,35,5,2,1,6243,1331,4912,0.8,3502,57,1.036,0.213
794,no,35,F,1,High School,Married,Unknown,Blue,23,3,3,1,1438.3,0,1438.3,0.751,3995,82,0.608,0
795,no,29,F,1,Unknown,Single,Less than $40K,Blue,36,1,1,2,2763,1879,884,0.701,4660,80,0.778,0.68
796,no,55,M,2,High School,Married,$60K - $80K,Blue,36,4,3,3,7231,2381,4850,0.996,1421,23,1.3,0.329
797,no,41,F,4,Uneducated,Married,Less than $40K,Blue,36,3,5,1,1438.3,1055,383.3,0.809,4532,78,0.472,0.734
798,no,44,M,2,Graduate,Single,Unknown,Blue,36,6,3,1,28292,0,28292,0.542,3948,60,0.538,0
799,no,39,M,1,Graduate,Married,Less than $40K,Silver,30,4,3,3,14135,630,13505,0.64,13703,99,0.768,0.045
800,no,44,F,2,Post-Graduate,Married,Less than $40K,Silver,36,6,3,2,10580,1023,9557,0.907,4721,81,0.8,0.097
